2026-08-19T06:25:02.992+05:30  INFO 22836 --- [ecommerce-rest-api] [SpringApplicationShutdownHook] o.s.b.w.e.tomcat.GracefulShutdown        : Commencing graceful shutdown. Waiting for active requests to complete
2026-08-19T06:25:03.034+05:30  INFO 22836 --- [ecommerce-rest-api] [tomcat-shutdown] o.s.b.w.e.tomcat.GracefulShutdown        : Graceful shutdown complete
2026-08-19T06:25:03.045+05:30  INFO 22836 --- [ecommerce-rest-api] [SpringApplicationShutdownHook] j.LocalContainerEntityManagerFactoryBean : Closing JPA EntityManagerFactory for persistence unit 'default'
2026-08-19T06:25:03.053+05:30  INFO 22836 --- [ecommerce-rest-api] [SpringApplicationShutdownHook] com.zaxxer.hikari.HikariDataSource       : HikariPool-1 - Shutdown initiated...
2026-08-19T06:25:03.072+05:30  INFO 22836 --- [ecommerce-rest-api] [SpringApplicationShutdownHook] com.zaxxer.hikari.HikariDataSource       : HikariPool-1 - Shutdown completed.
2026-08-19T06:26:35.202+05:30  INFO 25496 --- [ecommerce-rest-api] [restartedMain] c.e.ecommerce.EcommerceApplication       : Starting EcommerceApplication using Java 25 with PID 25496 (C:\Users\Admin\OneDrive\Desktop\Java Traingin stackly\Springboot_Projects\ecommerce-rest-api\ecommerce-rest-api\target\classes started by Admin in C:\Users\Admin\OneDrive\Desktop\Java Traingin stackly\Springboot_Projects\ecommerce-rest-api)
2026-08-19T06:26:35.204+05:30 DEBUG 25496 --- [ecommerce-rest-api] [restartedMain] c.e.ecommerce.EcommerceApplication       : Running with Spring Boot v3.4.13, Spring v6.2.15
2026-08-19T06:26:35.204+05:30  INFO 25496 --- [ecommerce-rest-api] [restartedMain] c.e.ecommerce.EcommerceApplication       : No active profile set, falling back to 1 default profile: "default"
2026-08-19T06:26:35.265+05:30  INFO 25496 --- [ecommerce-rest-api] [restartedMain] .e.DevToolsPropertyDefaultsPostProcessor : Devtools property defaults active! Set 'spring.devtools.add-properties' to 'false' to disable
2026-08-19T06:26:35.265+05:30  INFO 25496 --- [ecommerce-rest-api] [restartedMain] .e.DevToolsPropertyDefaultsPostProcessor : For additional web related logging consider setting the 'logging.level.web' property to 'DEBUG'
2026-08-19T06:26:36.456+05:30  INFO 25496 --- [ecommerce-rest-api] [restartedMain] .s.d.r.c.RepositoryConfigurationDelegate : Bootstrapping Spring Data JPA repositories in DEFAULT mode.
2026-08-19T06:26:36.533+05:30  INFO 25496 --- [ecommerce-rest-api] [restartedMain] .s.d.r.c.RepositoryConfigurationDelegate : Finished Spring Data repository scanning in 69 ms. Found 7 JPA repository interfaces.
2026-08-19T06:26:37.155+05:30  INFO 25496 --- [ecommerce-rest-api] [restartedMain] o.s.b.w.embedded.tomcat.TomcatWebServer  : Tomcat initialized with port 8080 (http)
2026-08-19T06:26:37.169+05:30  INFO 25496 --- [ecommerce-rest-api] [restartedMain] o.apache.catalina.core.StandardService   : Starting service [Tomcat]
2026-08-19T06:26:37.169+05:30  INFO 25496 --- [ecommerce-rest-api] [restartedMain] o.apache.catalina.core.StandardEngine    : Starting Servlet engine: [Apache Tomcat/10.1.50]
2026-08-19T06:26:37.220+05:30  INFO 25496 --- [ecommerce-rest-api] [restartedMain] o.a.c.c.C.[Tomcat].[localhost].[/]       : Initializing Spring embedded WebApplicationContext
2026-08-19T06:26:37.220+05:30  INFO 25496 --- [ecommerce-rest-api] [restartedMain] w.s.c.ServletWebServerApplicationContext : Root WebApplicationContext: initialization completed in 1954 ms
2026-08-19T06:26:37.477+05:30  INFO 25496 --- [ecommerce-rest-api] [restartedMain] o.hibernate.jpa.internal.util.LogHelper  : HHH000204: Processing PersistenceUnitInfo [name: default]
2026-08-19T06:26:37.543+05:30  INFO 25496 --- [ecommerce-rest-api] [restartedMain] org.hibernate.Version                    : HHH000412: Hibernate ORM core version 6.6.39.Final
2026-08-19T06:26:37.583+05:30  INFO 25496 --- [ecommerce-rest-api] [restartedMain] o.h.c.internal.RegionFactoryInitiator    : HHH000026: Second-level cache disabled
2026-08-19T06:26:37.921+05:30  INFO 25496 --- [ecommerce-rest-api] [restartedMain] o.s.o.j.p.SpringPersistenceUnitInfo      : No LoadTimeWeaver setup: ignoring JPA class transformer
2026-08-19T06:26:37.953+05:30  INFO 25496 --- [ecommerce-rest-api] [restartedMain] com.zaxxer.hikari.HikariDataSource       : HikariPool-1 - Starting...
2026-08-19T06:26:38.108+05:30  INFO 25496 --- [ecommerce-rest-api] [restartedMain] com.zaxxer.hikari.pool.HikariPool        : HikariPool-1 - Added connection com.mysql.cj.jdbc.ConnectionImpl@7e2246b
2026-08-19T06:26:38.110+05:30  INFO 25496 --- [ecommerce-rest-api] [restartedMain] com.zaxxer.hikari.HikariDataSource       : HikariPool-1 - Start completed.
2026-08-19T06:26:38.209+05:30  INFO 25496 --- [ecommerce-rest-api] [restartedMain] org.hibernate.orm.connections.pooling    : HHH10001005: Database info:
	Database JDBC URL [Connecting through datasource 'HikariDataSource (HikariPool-1)']
	Database driver: undefined/unknown
	Database version: 8.0.42
	Autocommit mode: undefined/unknown
	Isolation level: undefined/unknown
	Minimum pool size: undefined/unknown
	Maximum pool size: undefined/unknown
2026-08-19T06:26:39.375+05:30  INFO 25496 --- [ecommerce-rest-api] [restartedMain] o.h.e.t.j.p.i.JtaPlatformInitiator       : HHH000489: No JTA platform available (set 'hibernate.transaction.jta.platform' to enable JTA platform integration)
2026-08-19T06:26:39.731+05:30  INFO 25496 --- [ecommerce-rest-api] [restartedMain] j.LocalContainerEntityManagerFactoryBean : Initialized JPA EntityManagerFactory for persistence unit 'default'
2026-08-19T06:26:40.046+05:30  INFO 25496 --- [ecommerce-rest-api] [restartedMain] o.s.d.j.r.query.QueryEnhancerFactory     : Hibernate is in classpath; If applicable, HQL parser will be used.
2026-08-19T06:26:40.609+05:30  WARN 25496 --- [ecommerce-rest-api] [restartedMain] JpaBaseConfiguration$JpaWebConfiguration : spring.jpa.open-in-view is enabled by default. Therefore, database queries may be performed during view rendering. Explicitly configure spring.jpa.open-in-view to disable this warning
2026-08-19T06:26:41.151+05:30  INFO 25496 --- [ecommerce-rest-api] [restartedMain] o.s.b.d.a.OptionalLiveReloadServer       : LiveReload server is running on port 35729
2026-08-19T06:26:41.159+05:30  INFO 25496 --- [ecommerce-rest-api] [restartedMain] o.s.b.a.e.web.EndpointLinksResolver      : Exposing 4 endpoints beneath base path '/actuator'
2026-08-19T06:26:41.227+05:30  INFO 25496 --- [ecommerce-rest-api] [restartedMain] o.s.b.w.embedded.tomcat.TomcatWebServer  : Tomcat started on port 8080 (http) with context path '/'
2026-08-19T06:26:41.242+05:30  INFO 25496 --- [ecommerce-rest-api] [restartedMain] c.e.ecommerce.EcommerceApplication       : Started EcommerceApplication in 6.592 seconds (process running for 7.307)
2026-08-19T06:26:41.308+05:30  WARN 25496 --- [ecommerce-rest-api] [restartedMain] o.s.core.events.SpringDocAppInitializer  : SpringDoc /v3/api-docs endpoint is enabled by default. To disable it in production, set the property 'springdoc.api-docs.enabled=false'
2026-08-19T06:26:41.333+05:30 DEBUG 25496 --- [ecommerce-rest-api] [scheduling-1] c.e.e.scheduler.CartCleanupScheduler     : No abandoned carts found.
2026-08-19T06:26:41.351+05:30 DEBUG 25496 --- [ecommerce-rest-api] [scheduling-1] c.e.e.s.OrderCancellationScheduler       : No expired pending orders found.
2026-08-19T06:29:49.587+05:30  INFO 25496 --- [ecommerce-rest-api] [SpringApplicationShutdownHook] o.s.b.w.e.tomcat.GracefulShutdown        : Commencing graceful shutdown. Waiting for active requests to complete
2026-08-19T06:29:49.596+05:30  INFO 25496 --- [ecommerce-rest-api] [tomcat-shutdown] o.s.b.w.e.tomcat.GracefulShutdown        : Graceful shutdown complete
2026-08-19T06:29:49.601+05:30  INFO 25496 --- [ecommerce-rest-api] [SpringApplicationShutdownHook] j.LocalContainerEntityManagerFactoryBean : Closing JPA EntityManagerFactory for persistence unit 'default'
2026-08-19T06:29:49.605+05:30  INFO 25496 --- [ecommerce-rest-api] [SpringApplicationShutdownHook] com.zaxxer.hikari.HikariDataSource       : HikariPool-1 - Shutdown initiated...
2026-08-19T06:29:49.615+05:30  INFO 25496 --- [ecommerce-rest-api] [SpringApplicationShutdownHook] com.zaxxer.hikari.HikariDataSource       : HikariPool-1 - Shutdown completed.
2026-08-19T06:32:14.623+05:30  INFO 19484 --- [ecommerce-rest-api] [restartedMain] c.e.ecommerce.EcommerceApplication       : Starting EcommerceApplication using Java 25 with PID 19484 (C:\Users\Admin\OneDrive\Desktop\Java Traingin stackly\Springboot_Projects\ecommerce-rest-api\ecommerce-rest-api\target\classes started by Admin in C:\Users\Admin\OneDrive\Desktop\Java Traingin stackly\Springboot_Projects\ecommerce-rest-api)
2026-08-19T06:32:14.625+05:30 DEBUG 19484 --- [ecommerce-rest-api] [restartedMain] c.e.ecommerce.EcommerceApplication       : Running with Spring Boot v3.4.13, Spring v6.2.15
2026-08-19T06:32:14.626+05:30  INFO 19484 --- [ecommerce-rest-api] [restartedMain] c.e.ecommerce.EcommerceApplication       : No active profile set, falling back to 1 default profile: "default"
2026-08-19T06:32:14.688+05:30  INFO 19484 --- [ecommerce-rest-api] [restartedMain] .e.DevToolsPropertyDefaultsPostProcessor : Devtools property defaults active! Set 'spring.devtools.add-properties' to 'false' to disable
2026-08-19T06:32:14.688+05:30  INFO 19484 --- [ecommerce-rest-api] [restartedMain] .e.DevToolsPropertyDefaultsPostProcessor : For additional web related logging consider setting the 'logging.level.web' property to 'DEBUG'
2026-08-19T06:32:15.753+05:30  INFO 19484 --- [ecommerce-rest-api] [restartedMain] .s.d.r.c.RepositoryConfigurationDelegate : Bootstrapping Spring Data JPA repositories in DEFAULT mode.
2026-08-19T06:32:15.820+05:30  INFO 19484 --- [ecommerce-rest-api] [restartedMain] .s.d.r.c.RepositoryConfigurationDelegate : Finished Spring Data repository scanning in 60 ms. Found 7 JPA repository interfaces.
2026-08-19T06:32:16.403+05:30  INFO 19484 --- [ecommerce-rest-api] [restartedMain] o.s.b.w.embedded.tomcat.TomcatWebServer  : Tomcat initialized with port 8080 (http)
2026-08-19T06:32:16.415+05:30  INFO 19484 --- [ecommerce-rest-api] [restartedMain] o.apache.catalina.core.StandardService   : Starting service [Tomcat]
2026-08-19T06:32:16.416+05:30  INFO 19484 --- [ecommerce-rest-api] [restartedMain] o.apache.catalina.core.StandardEngine    : Starting Servlet engine: [Apache Tomcat/10.1.50]
2026-08-19T06:32:16.459+05:30  INFO 19484 --- [ecommerce-rest-api] [restartedMain] o.a.c.c.C.[Tomcat].[localhost].[/]       : Initializing Spring embedded WebApplicationContext
2026-08-19T06:32:16.459+05:30  INFO 19484 --- [ecommerce-rest-api] [restartedMain] w.s.c.ServletWebServerApplicationContext : Root WebApplicationContext: initialization completed in 1769 ms
2026-08-19T06:32:16.680+05:30  INFO 19484 --- [ecommerce-rest-api] [restartedMain] o.hibernate.jpa.internal.util.LogHelper  : HHH000204: Processing PersistenceUnitInfo [name: default]
2026-08-19T06:32:16.743+05:30  INFO 19484 --- [ecommerce-rest-api] [restartedMain] org.hibernate.Version                    : HHH000412: Hibernate ORM core version 6.6.39.Final
2026-08-19T06:32:16.776+05:30  INFO 19484 --- [ecommerce-rest-api] [restartedMain] o.h.c.internal.RegionFactoryInitiator    : HHH000026: Second-level cache disabled
2026-08-19T06:32:17.022+05:30  INFO 19484 --- [ecommerce-rest-api] [restartedMain] o.s.o.j.p.SpringPersistenceUnitInfo      : No LoadTimeWeaver setup: ignoring JPA class transformer
2026-08-19T06:32:17.051+05:30  INFO 19484 --- [ecommerce-rest-api] [restartedMain] com.zaxxer.hikari.HikariDataSource       : HikariPool-1 - Starting...
2026-08-19T06:32:17.179+05:30  INFO 19484 --- [ecommerce-rest-api] [restartedMain] com.zaxxer.hikari.pool.HikariPool        : HikariPool-1 - Added connection com.mysql.cj.jdbc.ConnectionImpl@7bb06cf4
2026-08-19T06:32:17.181+05:30  INFO 19484 --- [ecommerce-rest-api] [restartedMain] com.zaxxer.hikari.HikariDataSource       : HikariPool-1 - Start completed.
2026-08-19T06:32:17.261+05:30  INFO 19484 --- [ecommerce-rest-api] [restartedMain] org.hibernate.orm.connections.pooling    : HHH10001005: Database info:
	Database JDBC URL [Connecting through datasource 'HikariDataSource (HikariPool-1)']
	Database driver: undefined/unknown
	Database version: 8.0.42
	Autocommit mode: undefined/unknown
	Isolation level: undefined/unknown
	Minimum pool size: undefined/unknown
	Maximum pool size: undefined/unknown
2026-08-19T06:32:18.225+05:30  INFO 19484 --- [ecommerce-rest-api] [restartedMain] o.h.e.t.j.p.i.JtaPlatformInitiator       : HHH000489: No JTA platform available (set 'hibernate.transaction.jta.platform' to enable JTA platform integration)
2026-08-19T06:32:18.406+05:30 ERROR 19484 --- [ecommerce-rest-api] [restartedMain] org.hibernate.orm.query                  : HHH90003001: Error in named query: Product.findActiveByCategoryNamed

org.hibernate.query.SemanticException: Could not interpret path expression 'com.example.ecommerce.entity.ProductStatus.ACTIVE'
	at org.hibernate.query.hql.internal.BasicDotIdentifierConsumer$BaseLocalSequencePart.resolvePathPart(BasicDotIdentifierConsumer.java:240) ~[hibernate-core-6.6.39.Final.jar:6.6.39.Final]
	at org.hibernate.query.hql.internal.BasicDotIdentifierConsumer.consumeIdentifier(BasicDotIdentifierConsumer.java:92) ~[hibernate-core-6.6.39.Final.jar:6.6.39.Final]
	at org.hibernate.query.hql.internal.SemanticQueryBuilder.visitSimplePath(SemanticQueryBuilder.java:5432) ~[hibernate-core-6.6.39.Final.jar:6.6.39.Final]
	at org.hibernate.query.hql.internal.SemanticQueryBuilder.visitGeneralPathFragment(SemanticQueryBuilder.java:5292) ~[hibernate-core-6.6.39.Final.jar:6.6.39.Final]
	at org.hibernate.query.hql.internal.SemanticQueryBuilder.visitGeneralPathExpression(SemanticQueryBuilder.java:1884) ~[hibernate-core-6.6.39.Final.jar:6.6.39.Final]
	at org.hibernate.grammars.hql.HqlParser$GeneralPathExpressionContext.accept(HqlParser.java:7882) ~[hibernate-core-6.6.39.Final.jar:6.6.39.Final]
	at org.antlr.v4.runtime.tree.AbstractParseTreeVisitor.visitChildren(AbstractParseTreeVisitor.java:46) ~[antlr4-runtime-4.13.0.jar:4.13.0]
	at org.hibernate.grammars.hql.HqlParserBaseVisitor.visitBarePrimaryExpression(HqlParserBaseVisitor.java:749) ~[hibernate-core-6.6.39.Final.jar:6.6.39.Final]
	at org.hibernate.grammars.hql.HqlParser$BarePrimaryExpressionContext.accept(HqlParser.java:7331) ~[hibernate-core-6.6.39.Final.jar:6.6.39.Final]
	at org.hibernate.query.hql.internal.SemanticQueryBuilder.createComparisonPredicate(SemanticQueryBuilder.java:2615) ~[hibernate-core-6.6.39.Final.jar:6.6.39.Final]
	at org.hibernate.query.hql.internal.SemanticQueryBuilder.visitBinaryExpressionPredicate(SemanticQueryBuilder.java:2566) ~[hibernate-core-6.6.39.Final.jar:6.6.39.Final]
	at org.hibernate.query.hql.internal.SemanticQueryBuilder.visitBinaryExpressionPredicate(SemanticQueryBuilder.java:278) ~[hibernate-core-6.6.39.Final.jar:6.6.39.Final]
	at org.hibernate.grammars.hql.HqlParser$BinaryExpressionPredicateContext.accept(HqlParser.java:6264) ~[hibernate-core-6.6.39.Final.jar:6.6.39.Final]
	at org.hibernate.query.hql.internal.SemanticQueryBuilder.visitAndPredicate(SemanticQueryBuilder.java:2400) ~[hibernate-core-6.6.39.Final.jar:6.6.39.Final]
	at org.hibernate.query.hql.internal.SemanticQueryBuilder.visitAndPredicate(SemanticQueryBuilder.java:278) ~[hibernate-core-6.6.39.Final.jar:6.6.39.Final]
	at org.hibernate.grammars.hql.HqlParser$AndPredicateContext.accept(HqlParser.java:6361) ~[hibernate-core-6.6.39.Final.jar:6.6.39.Final]
	at org.hibernate.query.hql.internal.SemanticQueryBuilder.visitWhereClause(SemanticQueryBuilder.java:2382) ~[hibernate-core-6.6.39.Final.jar:6.6.39.Final]
	at org.hibernate.query.hql.internal.SemanticQueryBuilder.visitWhereClause(SemanticQueryBuilder.java:278) ~[hibernate-core-6.6.39.Final.jar:6.6.39.Final]
	at org.hibernate.grammars.hql.HqlParser$WhereClauseContext.accept(HqlParser.java:6192) ~[hibernate-core-6.6.39.Final.jar:6.6.39.Final]
	at org.hibernate.query.hql.internal.SemanticQueryBuilder.visitQuery(SemanticQueryBuilder.java:1252) ~[hibernate-core-6.6.39.Final.jar:6.6.39.Final]
	at org.hibernate.query.hql.internal.SemanticQueryBuilder.visitQuerySpecExpression(SemanticQueryBuilder.java:1029) ~[hibernate-core-6.6.39.Final.jar:6.6.39.Final]
	at org.hibernate.query.hql.internal.SemanticQueryBuilder.visitQuerySpecExpression(SemanticQueryBuilder.java:278) ~[hibernate-core-6.6.39.Final.jar:6.6.39.Final]
	at org.hibernate.grammars.hql.HqlParser$QuerySpecExpressionContext.accept(HqlParser.java:2077) ~[hibernate-core-6.6.39.Final.jar:6.6.39.Final]
	at org.hibernate.query.hql.internal.SemanticQueryBuilder.visitQueryExpression(SemanticQueryBuilder.java:1063) ~[hibernate-core-6.6.39.Final.jar:6.6.39.Final]
	at org.hibernate.query.hql.internal.SemanticQueryBuilder.visitQueryExpression(SemanticQueryBuilder.java:278) ~[hibernate-core-6.6.39.Final.jar:6.6.39.Final]
	at org.hibernate.grammars.hql.HqlParser$QueryExpressionContext.accept(HqlParser.java:1973) ~[hibernate-core-6.6.39.Final.jar:6.6.39.Final]
	at org.hibernate.query.hql.internal.SemanticQueryBuilder.visitSelectStatement(SemanticQueryBuilder.java:493) ~[hibernate-core-6.6.39.Final.jar:6.6.39.Final]
	at org.hibernate.query.hql.internal.SemanticQueryBuilder.visitStatement(SemanticQueryBuilder.java:452) ~[hibernate-core-6.6.39.Final.jar:6.6.39.Final]
	at org.hibernate.query.hql.internal.SemanticQueryBuilder.buildSemanticModel(SemanticQueryBuilder.java:325) ~[hibernate-core-6.6.39.Final.jar:6.6.39.Final]
	at org.hibernate.query.hql.internal.StandardHqlTranslator.translate(StandardHqlTranslator.java:71) ~[hibernate-core-6.6.39.Final.jar:6.6.39.Final]
	at org.hibernate.query.internal.QueryInterpretationCacheStandardImpl.createHqlInterpretation(QueryInterpretationCacheStandardImpl.java:145) ~[hibernate-core-6.6.39.Final.jar:6.6.39.Final]
	at org.hibernate.query.internal.QueryInterpretationCacheStandardImpl.resolveHqlInterpretation(QueryInterpretationCacheStandardImpl.java:132) ~[hibernate-core-6.6.39.Final.jar:6.6.39.Final]
	at org.hibernate.query.internal.NamedObjectRepositoryImpl.checkNamedQueries(NamedObjectRepositoryImpl.java:249) ~[hibernate-core-6.6.39.Final.jar:6.6.39.Final]
	at org.hibernate.query.internal.NamedObjectRepositoryImpl.validateNamedQueries(NamedObjectRepositoryImpl.java:219) ~[hibernate-core-6.6.39.Final.jar:6.6.39.Final]
	at org.hibernate.query.internal.QueryEngineImpl.validateNamedQueries(QueryEngineImpl.java:215) ~[hibernate-core-6.6.39.Final.jar:6.6.39.Final]
	at org.hibernate.boot.internal.SessionFactoryObserverForNamedQueryValidation.sessionFactoryCreated(SessionFactoryObserverForNamedQueryValidation.java:39) ~[hibernate-core-6.6.39.Final.jar:6.6.39.Final]
	at org.hibernate.internal.SessionFactoryObserverChain.sessionFactoryCreated(SessionFactoryObserverChain.java:35) ~[hibernate-core-6.6.39.Final.jar:6.6.39.Final]
	at org.hibernate.internal.SessionFactoryImpl.<init>(SessionFactoryImpl.java:324) ~[hibernate-core-6.6.39.Final.jar:6.6.39.Final]
	at org.hibernate.boot.internal.SessionFactoryBuilderImpl.build(SessionFactoryBuilderImpl.java:463) ~[hibernate-core-6.6.39.Final.jar:6.6.39.Final]
	at org.hibernate.jpa.boot.internal.EntityManagerFactoryBuilderImpl.build(EntityManagerFactoryBuilderImpl.java:1517) ~[hibernate-core-6.6.39.Final.jar:6.6.39.Final]
	at org.springframework.orm.jpa.vendor.SpringHibernateJpaPersistenceProvider.createContainerEntityManagerFactory(SpringHibernateJpaPersistenceProvider.java:66) ~[spring-orm-6.2.15.jar:6.2.15]
	at org.springframework.orm.jpa.LocalContainerEntityManagerFactoryBean.createNativeEntityManagerFactory(LocalContainerEntityManagerFactoryBean.java:390) ~[spring-orm-6.2.15.jar:6.2.15]
	at org.springframework.orm.jpa.AbstractEntityManagerFactoryBean.buildNativeEntityManagerFactory(AbstractEntityManagerFactoryBean.java:419) ~[spring-orm-6.2.15.jar:6.2.15]
	at org.springframework.orm.jpa.AbstractEntityManagerFactoryBean.afterPropertiesSet(AbstractEntityManagerFactoryBean.java:400) ~[spring-orm-6.2.15.jar:6.2.15]
	at org.springframework.orm.jpa.LocalContainerEntityManagerFactoryBean.afterPropertiesSet(LocalContainerEntityManagerFactoryBean.java:366) ~[spring-orm-6.2.15.jar:6.2.15]
	at org.springframework.beans.factory.support.AbstractAutowireCapableBeanFactory.invokeInitMethods(AbstractAutowireCapableBeanFactory.java:1873) ~[spring-beans-6.2.15.jar:6.2.15]
	at org.springframework.beans.factory.support.AbstractAutowireCapableBeanFactory.initializeBean(AbstractAutowireCapableBeanFactory.java:1822) ~[spring-beans-6.2.15.jar:6.2.15]
	at org.springframework.beans.factory.support.AbstractAutowireCapableBeanFactory.doCreateBean(AbstractAutowireCapableBeanFactory.java:607) ~[spring-beans-6.2.15.jar:6.2.15]
	at org.springframework.beans.factory.support.AbstractAutowireCapableBeanFactory.createBean(AbstractAutowireCapableBeanFactory.java:529) ~[spring-beans-6.2.15.jar:6.2.15]
	at org.springframework.beans.factory.support.AbstractBeanFactory.lambda$doGetBean$0(AbstractBeanFactory.java:339) ~[spring-beans-6.2.15.jar:6.2.15]
	at org.springframework.beans.factory.support.DefaultSingletonBeanRegistry.getSingleton(DefaultSingletonBeanRegistry.java:373) ~[spring-beans-6.2.15.jar:6.2.15]
	at org.springframework.beans.factory.support.AbstractBeanFactory.doGetBean(AbstractBeanFactory.java:337) ~[spring-beans-6.2.15.jar:6.2.15]
	at org.springframework.beans.factory.support.AbstractBeanFactory.getBean(AbstractBeanFactory.java:207) ~[spring-beans-6.2.15.jar:6.2.15]
	at org.springframework.context.support.AbstractApplicationContext.finishBeanFactoryInitialization(AbstractApplicationContext.java:973) ~[spring-context-6.2.15.jar:6.2.15]
	at org.springframework.context.support.AbstractApplicationContext.refresh(AbstractApplicationContext.java:627) ~[spring-context-6.2.15.jar:6.2.15]
	at org.springframework.boot.web.servlet.context.ServletWebServerApplicationContext.refresh(ServletWebServerApplicationContext.java:146) ~[spring-boot-3.4.13.jar:3.4.13]
	at org.springframework.boot.SpringApplication.refresh(SpringApplication.java:752) ~[spring-boot-3.4.13.jar:3.4.13]
	at org.springframework.boot.SpringApplication.refreshContext(SpringApplication.java:439) ~[spring-boot-3.4.13.jar:3.4.13]
	at org.springframework.boot.SpringApplication.run(SpringApplication.java:318) ~[spring-boot-3.4.13.jar:3.4.13]
	at org.springframework.boot.SpringApplication.run(SpringApplication.java:1361) ~[spring-boot-3.4.13.jar:3.4.13]
	at org.springframework.boot.SpringApplication.run(SpringApplication.java:1350) ~[spring-boot-3.4.13.jar:3.4.13]
	at com.example.ecommerce.EcommerceApplication.main(EcommerceApplication.java:12) ~[classes/:na]
	at java.base/jdk.internal.reflect.DirectMethodHandleAccessor.invoke(DirectMethodHandleAccessor.java:104) ~[na:na]
	at java.base/java.lang.reflect.Method.invoke(Method.java:565) ~[na:na]
	at org.springframework.boot.devtools.restart.RestartLauncher.run(RestartLauncher.java:50) ~[spring-boot-devtools-3.4.13.jar:3.4.13]

2026-08-19T06:32:18.418+05:30 ERROR 19484 --- [ecommerce-rest-api] [restartedMain] j.LocalContainerEntityManagerFactoryBean : Failed to initialize JPA EntityManagerFactory: [PersistenceUnit: default] Unable to build Hibernate SessionFactory; nested exception is org.hibernate.query.NamedQueryValidationException: Errors in named queries: 
  [1] Error in query named 'Product.findActiveByCategoryNamed': Could not interpret path expression 'com.example.ecommerce.entity.ProductStatus.ACTIVE'
2026-08-19T06:32:18.419+05:30  WARN 19484 --- [ecommerce-rest-api] [restartedMain] ConfigServletWebServerApplicationContext : Exception encountered during context initialization - cancelling refresh attempt: org.springframework.beans.factory.BeanCreationException: Error creating bean with name 'entityManagerFactory' defined in class path resource [org/springframework/boot/autoconfigure/orm/jpa/HibernateJpaConfiguration.class]: [PersistenceUnit: default] Unable to build Hibernate SessionFactory; nested exception is org.hibernate.query.NamedQueryValidationException: Errors in named queries: 
  [1] Error in query named 'Product.findActiveByCategoryNamed': Could not interpret path expression 'com.example.ecommerce.entity.ProductStatus.ACTIVE'
2026-08-19T06:32:18.421+05:30  INFO 19484 --- [ecommerce-rest-api] [restartedMain] com.zaxxer.hikari.HikariDataSource       : HikariPool-1 - Shutdown initiated...
2026-08-19T06:32:18.433+05:30  INFO 19484 --- [ecommerce-rest-api] [restartedMain] com.zaxxer.hikari.HikariDataSource       : HikariPool-1 - Shutdown completed.
2026-08-19T06:32:18.438+05:30  INFO 19484 --- [ecommerce-rest-api] [restartedMain] o.apache.catalina.core.StandardService   : Stopping service [Tomcat]
2026-08-19T06:32:18.469+05:30  INFO 19484 --- [ecommerce-rest-api] [restartedMain] .s.b.a.l.ConditionEvaluationReportLogger : 

Error starting ApplicationContext. To display the condition evaluation report re-run your application with 'debug' enabled.
2026-08-19T06:32:18.527+05:30 ERROR 19484 --- [ecommerce-rest-api] [restartedMain] o.s.boot.SpringApplication               : Application run failed

org.springframework.beans.factory.BeanCreationException: Error creating bean with name 'entityManagerFactory' defined in class path resource [org/springframework/boot/autoconfigure/orm/jpa/HibernateJpaConfiguration.class]: [PersistenceUnit: default] Unable to build Hibernate SessionFactory; nested exception is org.hibernate.query.NamedQueryValidationException: Errors in named queries: 
  [1] Error in query named 'Product.findActiveByCategoryNamed': Could not interpret path expression 'com.example.ecommerce.entity.ProductStatus.ACTIVE'
	at org.springframework.beans.factory.support.AbstractAutowireCapableBeanFactory.initializeBean(AbstractAutowireCapableBeanFactory.java:1826) ~[spring-beans-6.2.15.jar:6.2.15]
	at org.springframework.beans.factory.support.AbstractAutowireCapableBeanFactory.doCreateBean(AbstractAutowireCapableBeanFactory.java:607) ~[spring-beans-6.2.15.jar:6.2.15]
	at org.springframework.beans.factory.support.AbstractAutowireCapableBeanFactory.createBean(AbstractAutowireCapableBeanFactory.java:529) ~[spring-beans-6.2.15.jar:6.2.15]
	at org.springframework.beans.factory.support.AbstractBeanFactory.lambda$doGetBean$0(AbstractBeanFactory.java:339) ~[spring-beans-6.2.15.jar:6.2.15]
	at org.springframework.beans.factory.support.DefaultSingletonBeanRegistry.getSingleton(DefaultSingletonBeanRegistry.java:373) ~[spring-beans-6.2.15.jar:6.2.15]
	at org.springframework.beans.factory.support.AbstractBeanFactory.doGetBean(AbstractBeanFactory.java:337) ~[spring-beans-6.2.15.jar:6.2.15]
	at org.springframework.beans.factory.support.AbstractBeanFactory.getBean(AbstractBeanFactory.java:207) ~[spring-beans-6.2.15.jar:6.2.15]
	at org.springframework.context.support.AbstractApplicationContext.finishBeanFactoryInitialization(AbstractApplicationContext.java:973) ~[spring-context-6.2.15.jar:6.2.15]
	at org.springframework.context.support.AbstractApplicationContext.refresh(AbstractApplicationContext.java:627) ~[spring-context-6.2.15.jar:6.2.15]
	at org.springframework.boot.web.servlet.context.ServletWebServerApplicationContext.refresh(ServletWebServerApplicationContext.java:146) ~[spring-boot-3.4.13.jar:3.4.13]
	at org.springframework.boot.SpringApplication.refresh(SpringApplication.java:752) ~[spring-boot-3.4.13.jar:3.4.13]
	at org.springframework.boot.SpringApplication.refreshContext(SpringApplication.java:439) ~[spring-boot-3.4.13.jar:3.4.13]
	at org.springframework.boot.SpringApplication.run(SpringApplication.java:318) ~[spring-boot-3.4.13.jar:3.4.13]
	at org.springframework.boot.SpringApplication.run(SpringApplication.java:1361) ~[spring-boot-3.4.13.jar:3.4.13]
	at org.springframework.boot.SpringApplication.run(SpringApplication.java:1350) ~[spring-boot-3.4.13.jar:3.4.13]
	at com.example.ecommerce.EcommerceApplication.main(EcommerceApplication.java:12) ~[classes/:na]
	at java.base/jdk.internal.reflect.DirectMethodHandleAccessor.invoke(DirectMethodHandleAccessor.java:104) ~[na:na]
	at java.base/java.lang.reflect.Method.invoke(Method.java:565) ~[na:na]
	at org.springframework.boot.devtools.restart.RestartLauncher.run(RestartLauncher.java:50) ~[spring-boot-devtools-3.4.13.jar:3.4.13]
Caused by: jakarta.persistence.PersistenceException: [PersistenceUnit: default] Unable to build Hibernate SessionFactory; nested exception is org.hibernate.query.NamedQueryValidationException: Errors in named queries: 
  [1] Error in query named 'Product.findActiveByCategoryNamed': Could not interpret path expression 'com.example.ecommerce.entity.ProductStatus.ACTIVE'
	at org.springframework.orm.jpa.AbstractEntityManagerFactoryBean.buildNativeEntityManagerFactory(AbstractEntityManagerFactoryBean.java:431) ~[spring-orm-6.2.15.jar:6.2.15]
	at org.springframework.orm.jpa.AbstractEntityManagerFactoryBean.afterPropertiesSet(AbstractEntityManagerFactoryBean.java:400) ~[spring-orm-6.2.15.jar:6.2.15]
	at org.springframework.orm.jpa.LocalContainerEntityManagerFactoryBean.afterPropertiesSet(LocalContainerEntityManagerFactoryBean.java:366) ~[spring-orm-6.2.15.jar:6.2.15]
	at org.springframework.beans.factory.support.AbstractAutowireCapableBeanFactory.invokeInitMethods(AbstractAutowireCapableBeanFactory.java:1873) ~[spring-beans-6.2.15.jar:6.2.15]
	at org.springframework.beans.factory.support.AbstractAutowireCapableBeanFactory.initializeBean(AbstractAutowireCapableBeanFactory.java:1822) ~[spring-beans-6.2.15.jar:6.2.15]
	... 18 common frames omitted
Caused by: org.hibernate.query.NamedQueryValidationException: Errors in named queries: 
  [1] Error in query named 'Product.findActiveByCategoryNamed': Could not interpret path expression 'com.example.ecommerce.entity.ProductStatus.ACTIVE'
	at org.hibernate.query.internal.NamedObjectRepositoryImpl.validateNamedQueries(NamedObjectRepositoryImpl.java:230) ~[hibernate-core-6.6.39.Final.jar:6.6.39.Final]
	at org.hibernate.query.internal.QueryEngineImpl.validateNamedQueries(QueryEngineImpl.java:215) ~[hibernate-core-6.6.39.Final.jar:6.6.39.Final]
	at org.hibernate.boot.internal.SessionFactoryObserverForNamedQueryValidation.sessionFactoryCreated(SessionFactoryObserverForNamedQueryValidation.java:39) ~[hibernate-core-6.6.39.Final.jar:6.6.39.Final]
	at org.hibernate.internal.SessionFactoryObserverChain.sessionFactoryCreated(SessionFactoryObserverChain.java:35) ~[hibernate-core-6.6.39.Final.jar:6.6.39.Final]
	at org.hibernate.internal.SessionFactoryImpl.<init>(SessionFactoryImpl.java:324) ~[hibernate-core-6.6.39.Final.jar:6.6.39.Final]
	at org.hibernate.boot.internal.SessionFactoryBuilderImpl.build(SessionFactoryBuilderImpl.java:463) ~[hibernate-core-6.6.39.Final.jar:6.6.39.Final]
	at org.hibernate.jpa.boot.internal.EntityManagerFactoryBuilderImpl.build(EntityManagerFactoryBuilderImpl.java:1517) ~[hibernate-core-6.6.39.Final.jar:6.6.39.Final]
	at org.springframework.orm.jpa.vendor.SpringHibernateJpaPersistenceProvider.createContainerEntityManagerFactory(SpringHibernateJpaPersistenceProvider.java:66) ~[spring-orm-6.2.15.jar:6.2.15]
	at org.springframework.orm.jpa.LocalContainerEntityManagerFactoryBean.createNativeEntityManagerFactory(LocalContainerEntityManagerFactoryBean.java:390) ~[spring-orm-6.2.15.jar:6.2.15]
	at org.springframework.orm.jpa.AbstractEntityManagerFactoryBean.buildNativeEntityManagerFactory(AbstractEntityManagerFactoryBean.java:419) ~[spring-orm-6.2.15.jar:6.2.15]
	... 22 common frames omitted
	Suppressed: org.hibernate.query.SemanticException: Could not interpret path expression 'com.example.ecommerce.entity.ProductStatus.ACTIVE'
		at org.hibernate.query.hql.internal.BasicDotIdentifierConsumer$BaseLocalSequencePart.resolvePathPart(BasicDotIdentifierConsumer.java:240) ~[hibernate-core-6.6.39.Final.jar:6.6.39.Final]
		at org.hibernate.query.hql.internal.BasicDotIdentifierConsumer.consumeIdentifier(BasicDotIdentifierConsumer.java:92) ~[hibernate-core-6.6.39.Final.jar:6.6.39.Final]
		at org.hibernate.query.hql.internal.SemanticQueryBuilder.visitSimplePath(SemanticQueryBuilder.java:5432) ~[hibernate-core-6.6.39.Final.jar:6.6.39.Final]
		at org.hibernate.query.hql.internal.SemanticQueryBuilder.visitGeneralPathFragment(SemanticQueryBuilder.java:5292) ~[hibernate-core-6.6.39.Final.jar:6.6.39.Final]
		at org.hibernate.query.hql.internal.SemanticQueryBuilder.visitGeneralPathExpression(SemanticQueryBuilder.java:1884) ~[hibernate-core-6.6.39.Final.jar:6.6.39.Final]
		at org.hibernate.grammars.hql.HqlParser$GeneralPathExpressionContext.accept(HqlParser.java:7882) ~[hibernate-core-6.6.39.Final.jar:6.6.39.Final]
		at org.antlr.v4.runtime.tree.AbstractParseTreeVisitor.visitChildren(AbstractParseTreeVisitor.java:46) ~[antlr4-runtime-4.13.0.jar:4.13.0]
		at org.hibernate.grammars.hql.HqlParserBaseVisitor.visitBarePrimaryExpression(HqlParserBaseVisitor.java:749) ~[hibernate-core-6.6.39.Final.jar:6.6.39.Final]
		at org.hibernate.grammars.hql.HqlParser$BarePrimaryExpressionContext.accept(HqlParser.java:7331) ~[hibernate-core-6.6.39.Final.jar:6.6.39.Final]
		at org.hibernate.query.hql.internal.SemanticQueryBuilder.createComparisonPredicate(SemanticQueryBuilder.java:2615) ~[hibernate-core-6.6.39.Final.jar:6.6.39.Final]
		at org.hibernate.query.hql.internal.SemanticQueryBuilder.visitBinaryExpressionPredicate(SemanticQueryBuilder.java:2566) ~[hibernate-core-6.6.39.Final.jar:6.6.39.Final]
		at org.hibernate.query.hql.internal.SemanticQueryBuilder.visitBinaryExpressionPredicate(SemanticQueryBuilder.java:278) ~[hibernate-core-6.6.39.Final.jar:6.6.39.Final]
		at org.hibernate.grammars.hql.HqlParser$BinaryExpressionPredicateContext.accept(HqlParser.java:6264) ~[hibernate-core-6.6.39.Final.jar:6.6.39.Final]
		at org.hibernate.query.hql.internal.SemanticQueryBuilder.visitAndPredicate(SemanticQueryBuilder.java:2400) ~[hibernate-core-6.6.39.Final.jar:6.6.39.Final]
		at org.hibernate.query.hql.internal.SemanticQueryBuilder.visitAndPredicate(SemanticQueryBuilder.java:278) ~[hibernate-core-6.6.39.Final.jar:6.6.39.Final]
		at org.hibernate.grammars.hql.HqlParser$AndPredicateContext.accept(HqlParser.java:6361) ~[hibernate-core-6.6.39.Final.jar:6.6.39.Final]
		at org.hibernate.query.hql.internal.SemanticQueryBuilder.visitWhereClause(SemanticQueryBuilder.java:2382) ~[hibernate-core-6.6.39.Final.jar:6.6.39.Final]
		at org.hibernate.query.hql.internal.SemanticQueryBuilder.visitWhereClause(SemanticQueryBuilder.java:278) ~[hibernate-core-6.6.39.Final.jar:6.6.39.Final]
		at org.hibernate.grammars.hql.HqlParser$WhereClauseContext.accept(HqlParser.java:6192) ~[hibernate-core-6.6.39.Final.jar:6.6.39.Final]
		at org.hibernate.query.hql.internal.SemanticQueryBuilder.visitQuery(SemanticQueryBuilder.java:1252) ~[hibernate-core-6.6.39.Final.jar:6.6.39.Final]
		at org.hibernate.query.hql.internal.SemanticQueryBuilder.visitQuerySpecExpression(SemanticQueryBuilder.java:1029) ~[hibernate-core-6.6.39.Final.jar:6.6.39.Final]
		at org.hibernate.query.hql.internal.SemanticQueryBuilder.visitQuerySpecExpression(SemanticQueryBuilder.java:278) ~[hibernate-core-6.6.39.Final.jar:6.6.39.Final]
		at org.hibernate.grammars.hql.HqlParser$QuerySpecExpressionContext.accept(HqlParser.java:2077) ~[hibernate-core-6.6.39.Final.jar:6.6.39.Final]
		at org.hibernate.query.hql.internal.SemanticQueryBuilder.visitQueryExpression(SemanticQueryBuilder.java:1063) ~[hibernate-core-6.6.39.Final.jar:6.6.39.Final]
		at org.hibernate.query.hql.internal.SemanticQueryBuilder.visitQueryExpression(SemanticQueryBuilder.java:278) ~[hibernate-core-6.6.39.Final.jar:6.6.39.Final]
		at org.hibernate.grammars.hql.HqlParser$QueryExpressionContext.accept(HqlParser.java:1973) ~[hibernate-core-6.6.39.Final.jar:6.6.39.Final]
		at org.hibernate.query.hql.internal.SemanticQueryBuilder.visitSelectStatement(SemanticQueryBuilder.java:493) ~[hibernate-core-6.6.39.Final.jar:6.6.39.Final]
		at org.hibernate.query.hql.internal.SemanticQueryBuilder.visitStatement(SemanticQueryBuilder.java:452) ~[hibernate-core-6.6.39.Final.jar:6.6.39.Final]
		at org.hibernate.query.hql.internal.SemanticQueryBuilder.buildSemanticModel(SemanticQueryBuilder.java:325) ~[hibernate-core-6.6.39.Final.jar:6.6.39.Final]
		at org.hibernate.query.hql.internal.StandardHqlTranslator.translate(StandardHqlTranslator.java:71) ~[hibernate-core-6.6.39.Final.jar:6.6.39.Final]
		at org.hibernate.query.internal.QueryInterpretationCacheStandardImpl.createHqlInterpretation(QueryInterpretationCacheStandardImpl.java:145) ~[hibernate-core-6.6.39.Final.jar:6.6.39.Final]
		at org.hibernate.query.internal.QueryInterpretationCacheStandardImpl.resolveHqlInterpretation(QueryInterpretationCacheStandardImpl.java:132) ~[hibernate-core-6.6.39.Final.jar:6.6.39.Final]
		at org.hibernate.query.internal.NamedObjectRepositoryImpl.checkNamedQueries(NamedObjectRepositoryImpl.java:249) ~[hibernate-core-6.6.39.Final.jar:6.6.39.Final]
		at org.hibernate.query.internal.NamedObjectRepositoryImpl.validateNamedQueries(NamedObjectRepositoryImpl.java:219) ~[hibernate-core-6.6.39.Final.jar:6.6.39.Final]
		... 31 common frames omitted

2026-08-19T06:37:26.537+05:30  INFO 21808 --- [ecommerce-rest-api] [restartedMain] c.e.ecommerce.EcommerceApplication       : Starting EcommerceApplication using Java 25 with PID 21808 (C:\Users\Admin\OneDrive\Desktop\Java Traingin stackly\Springboot_Projects\ecommerce-rest-api\ecommerce-rest-api\target\classes started by Admin in C:\Users\Admin\OneDrive\Desktop\Java Traingin stackly\Springboot_Projects\ecommerce-rest-api)
2026-08-19T06:37:26.539+05:30 DEBUG 21808 --- [ecommerce-rest-api] [restartedMain] c.e.ecommerce.EcommerceApplication       : Running with Spring Boot v3.4.13, Spring v6.2.15
2026-08-19T06:37:26.540+05:30  INFO 21808 --- [ecommerce-rest-api] [restartedMain] c.e.ecommerce.EcommerceApplication       : No active profile set, falling back to 1 default profile: "default"
2026-08-19T06:37:26.602+05:30  INFO 21808 --- [ecommerce-rest-api] [restartedMain] .e.DevToolsPropertyDefaultsPostProcessor : Devtools property defaults active! Set 'spring.devtools.add-properties' to 'false' to disable
2026-08-19T06:37:26.603+05:30  INFO 21808 --- [ecommerce-rest-api] [restartedMain] .e.DevToolsPropertyDefaultsPostProcessor : For additional web related logging consider setting the 'logging.level.web' property to 'DEBUG'
2026-08-19T06:37:28.489+05:30  INFO 21808 --- [ecommerce-rest-api] [restartedMain] .s.d.r.c.RepositoryConfigurationDelegate : Bootstrapping Spring Data JPA repositories in DEFAULT mode.
2026-08-19T06:37:28.610+05:30  INFO 21808 --- [ecommerce-rest-api] [restartedMain] .s.d.r.c.RepositoryConfigurationDelegate : Finished Spring Data repository scanning in 110 ms. Found 7 JPA repository interfaces.
2026-08-19T06:37:29.236+05:30  INFO 21808 --- [ecommerce-rest-api] [restartedMain] o.s.b.w.embedded.tomcat.TomcatWebServer  : Tomcat initialized with port 8080 (http)
2026-08-19T06:37:29.247+05:30  INFO 21808 --- [ecommerce-rest-api] [restartedMain] o.apache.catalina.core.StandardService   : Starting service [Tomcat]
2026-08-19T06:37:29.248+05:30  INFO 21808 --- [ecommerce-rest-api] [restartedMain] o.apache.catalina.core.StandardEngine    : Starting Servlet engine: [Apache Tomcat/10.1.50]
2026-08-19T06:37:29.289+05:30  INFO 21808 --- [ecommerce-rest-api] [restartedMain] o.a.c.c.C.[Tomcat].[localhost].[/]       : Initializing Spring embedded WebApplicationContext
2026-08-19T06:37:29.291+05:30  INFO 21808 --- [ecommerce-rest-api] [restartedMain] w.s.c.ServletWebServerApplicationContext : Root WebApplicationContext: initialization completed in 2688 ms
2026-08-19T06:37:29.526+05:30  INFO 21808 --- [ecommerce-rest-api] [restartedMain] o.hibernate.jpa.internal.util.LogHelper  : HHH000204: Processing PersistenceUnitInfo [name: default]
2026-08-19T06:37:29.579+05:30  INFO 21808 --- [ecommerce-rest-api] [restartedMain] org.hibernate.Version                    : HHH000412: Hibernate ORM core version 6.6.39.Final
2026-08-19T06:37:29.608+05:30  INFO 21808 --- [ecommerce-rest-api] [restartedMain] o.h.c.internal.RegionFactoryInitiator    : HHH000026: Second-level cache disabled
2026-08-19T06:37:29.874+05:30  INFO 21808 --- [ecommerce-rest-api] [restartedMain] o.s.o.j.p.SpringPersistenceUnitInfo      : No LoadTimeWeaver setup: ignoring JPA class transformer
2026-08-19T06:37:29.909+05:30  INFO 21808 --- [ecommerce-rest-api] [restartedMain] com.zaxxer.hikari.HikariDataSource       : HikariPool-1 - Starting...
2026-08-19T06:37:30.225+05:30  INFO 21808 --- [ecommerce-rest-api] [restartedMain] com.zaxxer.hikari.pool.HikariPool        : HikariPool-1 - Added connection com.mysql.cj.jdbc.ConnectionImpl@73f1395a
2026-08-19T06:37:30.225+05:30  INFO 21808 --- [ecommerce-rest-api] [restartedMain] com.zaxxer.hikari.HikariDataSource       : HikariPool-1 - Start completed.
2026-08-19T06:37:30.396+05:30  INFO 21808 --- [ecommerce-rest-api] [restartedMain] org.hibernate.orm.connections.pooling    : HHH10001005: Database info:
	Database JDBC URL [Connecting through datasource 'HikariDataSource (HikariPool-1)']
	Database driver: undefined/unknown
	Database version: 8.0.42
	Autocommit mode: undefined/unknown
	Isolation level: undefined/unknown
	Minimum pool size: undefined/unknown
	Maximum pool size: undefined/unknown
2026-08-19T06:37:31.976+05:30  INFO 21808 --- [ecommerce-rest-api] [restartedMain] o.h.e.t.j.p.i.JtaPlatformInitiator       : HHH000489: No JTA platform available (set 'hibernate.transaction.jta.platform' to enable JTA platform integration)
2026-08-19T06:37:32.123+05:30 ERROR 21808 --- [ecommerce-rest-api] [restartedMain] org.hibernate.orm.query                  : HHH90003001: Error in named query: Product.findActiveByCategoryNamed

org.hibernate.query.SemanticException: Could not interpret path expression 'com.example.ecommerce.entity.ProductStatus.ACTIVE'
	at org.hibernate.query.hql.internal.BasicDotIdentifierConsumer$BaseLocalSequencePart.resolvePathPart(BasicDotIdentifierConsumer.java:240) ~[hibernate-core-6.6.39.Final.jar:6.6.39.Final]
	at org.hibernate.query.hql.internal.BasicDotIdentifierConsumer.consumeIdentifier(BasicDotIdentifierConsumer.java:92) ~[hibernate-core-6.6.39.Final.jar:6.6.39.Final]
	at org.hibernate.query.hql.internal.SemanticQueryBuilder.visitSimplePath(SemanticQueryBuilder.java:5432) ~[hibernate-core-6.6.39.Final.jar:6.6.39.Final]
	at org.hibernate.query.hql.internal.SemanticQueryBuilder.visitGeneralPathFragment(SemanticQueryBuilder.java:5292) ~[hibernate-core-6.6.39.Final.jar:6.6.39.Final]
	at org.hibernate.query.hql.internal.SemanticQueryBuilder.visitGeneralPathExpression(SemanticQueryBuilder.java:1884) ~[hibernate-core-6.6.39.Final.jar:6.6.39.Final]
	at org.hibernate.grammars.hql.HqlParser$GeneralPathExpressionContext.accept(HqlParser.java:7882) ~[hibernate-core-6.6.39.Final.jar:6.6.39.Final]
	at org.antlr.v4.runtime.tree.AbstractParseTreeVisitor.visitChildren(AbstractParseTreeVisitor.java:46) ~[antlr4-runtime-4.13.0.jar:4.13.0]
	at org.hibernate.grammars.hql.HqlParserBaseVisitor.visitBarePrimaryExpression(HqlParserBaseVisitor.java:749) ~[hibernate-core-6.6.39.Final.jar:6.6.39.Final]
	at org.hibernate.grammars.hql.HqlParser$BarePrimaryExpressionContext.accept(HqlParser.java:7331) ~[hibernate-core-6.6.39.Final.jar:6.6.39.Final]
	at org.hibernate.query.hql.internal.SemanticQueryBuilder.createComparisonPredicate(SemanticQueryBuilder.java:2615) ~[hibernate-core-6.6.39.Final.jar:6.6.39.Final]
	at org.hibernate.query.hql.internal.SemanticQueryBuilder.visitBinaryExpressionPredicate(SemanticQueryBuilder.java:2566) ~[hibernate-core-6.6.39.Final.jar:6.6.39.Final]
	at org.hibernate.query.hql.internal.SemanticQueryBuilder.visitBinaryExpressionPredicate(SemanticQueryBuilder.java:278) ~[hibernate-core-6.6.39.Final.jar:6.6.39.Final]
	at org.hibernate.grammars.hql.HqlParser$BinaryExpressionPredicateContext.accept(HqlParser.java:6264) ~[hibernate-core-6.6.39.Final.jar:6.6.39.Final]
	at org.hibernate.query.hql.internal.SemanticQueryBuilder.visitAndPredicate(SemanticQueryBuilder.java:2400) ~[hibernate-core-6.6.39.Final.jar:6.6.39.Final]
	at org.hibernate.query.hql.internal.SemanticQueryBuilder.visitAndPredicate(SemanticQueryBuilder.java:278) ~[hibernate-core-6.6.39.Final.jar:6.6.39.Final]
	at org.hibernate.grammars.hql.HqlParser$AndPredicateContext.accept(HqlParser.java:6361) ~[hibernate-core-6.6.39.Final.jar:6.6.39.Final]
	at org.hibernate.query.hql.internal.SemanticQueryBuilder.visitWhereClause(SemanticQueryBuilder.java:2382) ~[hibernate-core-6.6.39.Final.jar:6.6.39.Final]
	at org.hibernate.query.hql.internal.SemanticQueryBuilder.visitWhereClause(SemanticQueryBuilder.java:278) ~[hibernate-core-6.6.39.Final.jar:6.6.39.Final]
	at org.hibernate.grammars.hql.HqlParser$WhereClauseContext.accept(HqlParser.java:6192) ~[hibernate-core-6.6.39.Final.jar:6.6.39.Final]
	at org.hibernate.query.hql.internal.SemanticQueryBuilder.visitQuery(SemanticQueryBuilder.java:1252) ~[hibernate-core-6.6.39.Final.jar:6.6.39.Final]
	at org.hibernate.query.hql.internal.SemanticQueryBuilder.visitQuerySpecExpression(SemanticQueryBuilder.java:1029) ~[hibernate-core-6.6.39.Final.jar:6.6.39.Final]
	at org.hibernate.query.hql.internal.SemanticQueryBuilder.visitQuerySpecExpression(SemanticQueryBuilder.java:278) ~[hibernate-core-6.6.39.Final.jar:6.6.39.Final]
	at org.hibernate.grammars.hql.HqlParser$QuerySpecExpressionContext.accept(HqlParser.java:2077) ~[hibernate-core-6.6.39.Final.jar:6.6.39.Final]
	at org.hibernate.query.hql.internal.SemanticQueryBuilder.visitQueryExpression(SemanticQueryBuilder.java:1063) ~[hibernate-core-6.6.39.Final.jar:6.6.39.Final]
	at org.hibernate.query.hql.internal.SemanticQueryBuilder.visitQueryExpression(SemanticQueryBuilder.java:278) ~[hibernate-core-6.6.39.Final.jar:6.6.39.Final]
	at org.hibernate.grammars.hql.HqlParser$QueryExpressionContext.accept(HqlParser.java:1973) ~[hibernate-core-6.6.39.Final.jar:6.6.39.Final]
	at org.hibernate.query.hql.internal.SemanticQueryBuilder.visitSelectStatement(SemanticQueryBuilder.java:493) ~[hibernate-core-6.6.39.Final.jar:6.6.39.Final]
	at org.hibernate.query.hql.internal.SemanticQueryBuilder.visitStatement(SemanticQueryBuilder.java:452) ~[hibernate-core-6.6.39.Final.jar:6.6.39.Final]
	at org.hibernate.query.hql.internal.SemanticQueryBuilder.buildSemanticModel(SemanticQueryBuilder.java:325) ~[hibernate-core-6.6.39.Final.jar:6.6.39.Final]
	at org.hibernate.query.hql.internal.StandardHqlTranslator.translate(StandardHqlTranslator.java:71) ~[hibernate-core-6.6.39.Final.jar:6.6.39.Final]
	at org.hibernate.query.internal.QueryInterpretationCacheStandardImpl.createHqlInterpretation(QueryInterpretationCacheStandardImpl.java:145) ~[hibernate-core-6.6.39.Final.jar:6.6.39.Final]
	at org.hibernate.query.internal.QueryInterpretationCacheStandardImpl.resolveHqlInterpretation(QueryInterpretationCacheStandardImpl.java:132) ~[hibernate-core-6.6.39.Final.jar:6.6.39.Final]
	at org.hibernate.query.internal.NamedObjectRepositoryImpl.checkNamedQueries(NamedObjectRepositoryImpl.java:249) ~[hibernate-core-6.6.39.Final.jar:6.6.39.Final]
	at org.hibernate.query.internal.NamedObjectRepositoryImpl.validateNamedQueries(NamedObjectRepositoryImpl.java:219) ~[hibernate-core-6.6.39.Final.jar:6.6.39.Final]
	at org.hibernate.query.internal.QueryEngineImpl.validateNamedQueries(QueryEngineImpl.java:215) ~[hibernate-core-6.6.39.Final.jar:6.6.39.Final]
	at org.hibernate.boot.internal.SessionFactoryObserverForNamedQueryValidation.sessionFactoryCreated(SessionFactoryObserverForNamedQueryValidation.java:39) ~[hibernate-core-6.6.39.Final.jar:6.6.39.Final]
	at org.hibernate.internal.SessionFactoryObserverChain.sessionFactoryCreated(SessionFactoryObserverChain.java:35) ~[hibernate-core-6.6.39.Final.jar:6.6.39.Final]
	at org.hibernate.internal.SessionFactoryImpl.<init>(SessionFactoryImpl.java:324) ~[hibernate-core-6.6.39.Final.jar:6.6.39.Final]
	at org.hibernate.boot.internal.SessionFactoryBuilderImpl.build(SessionFactoryBuilderImpl.java:463) ~[hibernate-core-6.6.39.Final.jar:6.6.39.Final]
	at org.hibernate.jpa.boot.internal.EntityManagerFactoryBuilderImpl.build(EntityManagerFactoryBuilderImpl.java:1517) ~[hibernate-core-6.6.39.Final.jar:6.6.39.Final]
	at org.springframework.orm.jpa.vendor.SpringHibernateJpaPersistenceProvider.createContainerEntityManagerFactory(SpringHibernateJpaPersistenceProvider.java:66) ~[spring-orm-6.2.15.jar:6.2.15]
	at org.springframework.orm.jpa.LocalContainerEntityManagerFactoryBean.createNativeEntityManagerFactory(LocalContainerEntityManagerFactoryBean.java:390) ~[spring-orm-6.2.15.jar:6.2.15]
	at org.springframework.orm.jpa.AbstractEntityManagerFactoryBean.buildNativeEntityManagerFactory(AbstractEntityManagerFactoryBean.java:419) ~[spring-orm-6.2.15.jar:6.2.15]
	at org.springframework.orm.jpa.AbstractEntityManagerFactoryBean.afterPropertiesSet(AbstractEntityManagerFactoryBean.java:400) ~[spring-orm-6.2.15.jar:6.2.15]
	at org.springframework.orm.jpa.LocalContainerEntityManagerFactoryBean.afterPropertiesSet(LocalContainerEntityManagerFactoryBean.java:366) ~[spring-orm-6.2.15.jar:6.2.15]
	at org.springframework.beans.factory.support.AbstractAutowireCapableBeanFactory.invokeInitMethods(AbstractAutowireCapableBeanFactory.java:1873) ~[spring-beans-6.2.15.jar:6.2.15]
	at org.springframework.beans.factory.support.AbstractAutowireCapableBeanFactory.initializeBean(AbstractAutowireCapableBeanFactory.java:1822) ~[spring-beans-6.2.15.jar:6.2.15]
	at org.springframework.beans.factory.support.AbstractAutowireCapableBeanFactory.doCreateBean(AbstractAutowireCapableBeanFactory.java:607) ~[spring-beans-6.2.15.jar:6.2.15]
	at org.springframework.beans.factory.support.AbstractAutowireCapableBeanFactory.createBean(AbstractAutowireCapableBeanFactory.java:529) ~[spring-beans-6.2.15.jar:6.2.15]
	at org.springframework.beans.factory.support.AbstractBeanFactory.lambda$doGetBean$0(AbstractBeanFactory.java:339) ~[spring-beans-6.2.15.jar:6.2.15]
	at org.springframework.beans.factory.support.DefaultSingletonBeanRegistry.getSingleton(DefaultSingletonBeanRegistry.java:373) ~[spring-beans-6.2.15.jar:6.2.15]
	at org.springframework.beans.factory.support.AbstractBeanFactory.doGetBean(AbstractBeanFactory.java:337) ~[spring-beans-6.2.15.jar:6.2.15]
	at org.springframework.beans.factory.support.AbstractBeanFactory.getBean(AbstractBeanFactory.java:207) ~[spring-beans-6.2.15.jar:6.2.15]
	at org.springframework.context.support.AbstractApplicationContext.finishBeanFactoryInitialization(AbstractApplicationContext.java:973) ~[spring-context-6.2.15.jar:6.2.15]
	at org.springframework.context.support.AbstractApplicationContext.refresh(AbstractApplicationContext.java:627) ~[spring-context-6.2.15.jar:6.2.15]
	at org.springframework.boot.web.servlet.context.ServletWebServerApplicationContext.refresh(ServletWebServerApplicationContext.java:146) ~[spring-boot-3.4.13.jar:3.4.13]
	at org.springframework.boot.SpringApplication.refresh(SpringApplication.java:752) ~[spring-boot-3.4.13.jar:3.4.13]
	at org.springframework.boot.SpringApplication.refreshContext(SpringApplication.java:439) ~[spring-boot-3.4.13.jar:3.4.13]
	at org.springframework.boot.SpringApplication.run(SpringApplication.java:318) ~[spring-boot-3.4.13.jar:3.4.13]
	at org.springframework.boot.SpringApplication.run(SpringApplication.java:1361) ~[spring-boot-3.4.13.jar:3.4.13]
	at org.springframework.boot.SpringApplication.run(SpringApplication.java:1350) ~[spring-boot-3.4.13.jar:3.4.13]
	at com.example.ecommerce.EcommerceApplication.main(EcommerceApplication.java:12) ~[classes/:na]
	at java.base/jdk.internal.reflect.DirectMethodHandleAccessor.invoke(DirectMethodHandleAccessor.java:104) ~[na:na]
	at java.base/java.lang.reflect.Method.invoke(Method.java:565) ~[na:na]
	at org.springframework.boot.devtools.restart.RestartLauncher.run(RestartLauncher.java:50) ~[spring-boot-devtools-3.4.13.jar:3.4.13]

2026-08-19T06:37:32.142+05:30 ERROR 21808 --- [ecommerce-rest-api] [restartedMain] j.LocalContainerEntityManagerFactoryBean : Failed to initialize JPA EntityManagerFactory: [PersistenceUnit: default] Unable to build Hibernate SessionFactory; nested exception is org.hibernate.query.NamedQueryValidationException: Errors in named queries: 
  [1] Error in query named 'Product.findActiveByCategoryNamed': Could not interpret path expression 'com.example.ecommerce.entity.ProductStatus.ACTIVE'
2026-08-19T06:37:32.142+05:30  WARN 21808 --- [ecommerce-rest-api] [restartedMain] ConfigServletWebServerApplicationContext : Exception encountered during context initialization - cancelling refresh attempt: org.springframework.beans.factory.BeanCreationException: Error creating bean with name 'entityManagerFactory' defined in class path resource [org/springframework/boot/autoconfigure/orm/jpa/HibernateJpaConfiguration.class]: [PersistenceUnit: default] Unable to build Hibernate SessionFactory; nested exception is org.hibernate.query.NamedQueryValidationException: Errors in named queries: 
  [1] Error in query named 'Product.findActiveByCategoryNamed': Could not interpret path expression 'com.example.ecommerce.entity.ProductStatus.ACTIVE'
2026-08-19T06:37:32.142+05:30  INFO 21808 --- [ecommerce-rest-api] [restartedMain] com.zaxxer.hikari.HikariDataSource       : HikariPool-1 - Shutdown initiated...
2026-08-19T06:37:32.142+05:30  INFO 21808 --- [ecommerce-rest-api] [restartedMain] com.zaxxer.hikari.HikariDataSource       : HikariPool-1 - Shutdown completed.
2026-08-19T06:37:32.142+05:30  INFO 21808 --- [ecommerce-rest-api] [restartedMain] o.apache.catalina.core.StandardService   : Stopping service [Tomcat]
2026-08-19T06:37:32.167+05:30  INFO 21808 --- [ecommerce-rest-api] [restartedMain] .s.b.a.l.ConditionEvaluationReportLogger : 

Error starting ApplicationContext. To display the condition evaluation report re-run your application with 'debug' enabled.
2026-08-19T06:37:32.184+05:30 ERROR 21808 --- [ecommerce-rest-api] [restartedMain] o.s.boot.SpringApplication               : Application run failed

org.springframework.beans.factory.BeanCreationException: Error creating bean with name 'entityManagerFactory' defined in class path resource [org/springframework/boot/autoconfigure/orm/jpa/HibernateJpaConfiguration.class]: [PersistenceUnit: default] Unable to build Hibernate SessionFactory; nested exception is org.hibernate.query.NamedQueryValidationException: Errors in named queries: 
  [1] Error in query named 'Product.findActiveByCategoryNamed': Could not interpret path expression 'com.example.ecommerce.entity.ProductStatus.ACTIVE'
	at org.springframework.beans.factory.support.AbstractAutowireCapableBeanFactory.initializeBean(AbstractAutowireCapableBeanFactory.java:1826) ~[spring-beans-6.2.15.jar:6.2.15]
	at org.springframework.beans.factory.support.AbstractAutowireCapableBeanFactory.doCreateBean(AbstractAutowireCapableBeanFactory.java:607) ~[spring-beans-6.2.15.jar:6.2.15]
	at org.springframework.beans.factory.support.AbstractAutowireCapableBeanFactory.createBean(AbstractAutowireCapableBeanFactory.java:529) ~[spring-beans-6.2.15.jar:6.2.15]
	at org.springframework.beans.factory.support.AbstractBeanFactory.lambda$doGetBean$0(AbstractBeanFactory.java:339) ~[spring-beans-6.2.15.jar:6.2.15]
	at org.springframework.beans.factory.support.DefaultSingletonBeanRegistry.getSingleton(DefaultSingletonBeanRegistry.java:373) ~[spring-beans-6.2.15.jar:6.2.15]
	at org.springframework.beans.factory.support.AbstractBeanFactory.doGetBean(AbstractBeanFactory.java:337) ~[spring-beans-6.2.15.jar:6.2.15]
	at org.springframework.beans.factory.support.AbstractBeanFactory.getBean(AbstractBeanFactory.java:207) ~[spring-beans-6.2.15.jar:6.2.15]
	at org.springframework.context.support.AbstractApplicationContext.finishBeanFactoryInitialization(AbstractApplicationContext.java:973) ~[spring-context-6.2.15.jar:6.2.15]
	at org.springframework.context.support.AbstractApplicationContext.refresh(AbstractApplicationContext.java:627) ~[spring-context-6.2.15.jar:6.2.15]
	at org.springframework.boot.web.servlet.context.ServletWebServerApplicationContext.refresh(ServletWebServerApplicationContext.java:146) ~[spring-boot-3.4.13.jar:3.4.13]
	at org.springframework.boot.SpringApplication.refresh(SpringApplication.java:752) ~[spring-boot-3.4.13.jar:3.4.13]
	at org.springframework.boot.SpringApplication.refreshContext(SpringApplication.java:439) ~[spring-boot-3.4.13.jar:3.4.13]
	at org.springframework.boot.SpringApplication.run(SpringApplication.java:318) ~[spring-boot-3.4.13.jar:3.4.13]
	at org.springframework.boot.SpringApplication.run(SpringApplication.java:1361) ~[spring-boot-3.4.13.jar:3.4.13]
	at org.springframework.boot.SpringApplication.run(SpringApplication.java:1350) ~[spring-boot-3.4.13.jar:3.4.13]
	at com.example.ecommerce.EcommerceApplication.main(EcommerceApplication.java:12) ~[classes/:na]
	at java.base/jdk.internal.reflect.DirectMethodHandleAccessor.invoke(DirectMethodHandleAccessor.java:104) ~[na:na]
	at java.base/java.lang.reflect.Method.invoke(Method.java:565) ~[na:na]
	at org.springframework.boot.devtools.restart.RestartLauncher.run(RestartLauncher.java:50) ~[spring-boot-devtools-3.4.13.jar:3.4.13]
Caused by: jakarta.persistence.PersistenceException: [PersistenceUnit: default] Unable to build Hibernate SessionFactory; nested exception is org.hibernate.query.NamedQueryValidationException: Errors in named queries: 
  [1] Error in query named 'Product.findActiveByCategoryNamed': Could not interpret path expression 'com.example.ecommerce.entity.ProductStatus.ACTIVE'
	at org.springframework.orm.jpa.AbstractEntityManagerFactoryBean.buildNativeEntityManagerFactory(AbstractEntityManagerFactoryBean.java:431) ~[spring-orm-6.2.15.jar:6.2.15]
	at org.springframework.orm.jpa.AbstractEntityManagerFactoryBean.afterPropertiesSet(AbstractEntityManagerFactoryBean.java:400) ~[spring-orm-6.2.15.jar:6.2.15]
	at org.springframework.orm.jpa.LocalContainerEntityManagerFactoryBean.afterPropertiesSet(LocalContainerEntityManagerFactoryBean.java:366) ~[spring-orm-6.2.15.jar:6.2.15]
	at org.springframework.beans.factory.support.AbstractAutowireCapableBeanFactory.invokeInitMethods(AbstractAutowireCapableBeanFactory.java:1873) ~[spring-beans-6.2.15.jar:6.2.15]
	at org.springframework.beans.factory.support.AbstractAutowireCapableBeanFactory.initializeBean(AbstractAutowireCapableBeanFactory.java:1822) ~[spring-beans-6.2.15.jar:6.2.15]
	... 18 common frames omitted
Caused by: org.hibernate.query.NamedQueryValidationException: Errors in named queries: 
  [1] Error in query named 'Product.findActiveByCategoryNamed': Could not interpret path expression 'com.example.ecommerce.entity.ProductStatus.ACTIVE'
	at org.hibernate.query.internal.NamedObjectRepositoryImpl.validateNamedQueries(NamedObjectRepositoryImpl.java:230) ~[hibernate-core-6.6.39.Final.jar:6.6.39.Final]
	at org.hibernate.query.internal.QueryEngineImpl.validateNamedQueries(QueryEngineImpl.java:215) ~[hibernate-core-6.6.39.Final.jar:6.6.39.Final]
	at org.hibernate.boot.internal.SessionFactoryObserverForNamedQueryValidation.sessionFactoryCreated(SessionFactoryObserverForNamedQueryValidation.java:39) ~[hibernate-core-6.6.39.Final.jar:6.6.39.Final]
	at org.hibernate.internal.SessionFactoryObserverChain.sessionFactoryCreated(SessionFactoryObserverChain.java:35) ~[hibernate-core-6.6.39.Final.jar:6.6.39.Final]
	at org.hibernate.internal.SessionFactoryImpl.<init>(SessionFactoryImpl.java:324) ~[hibernate-core-6.6.39.Final.jar:6.6.39.Final]
	at org.hibernate.boot.internal.SessionFactoryBuilderImpl.build(SessionFactoryBuilderImpl.java:463) ~[hibernate-core-6.6.39.Final.jar:6.6.39.Final]
	at org.hibernate.jpa.boot.internal.EntityManagerFactoryBuilderImpl.build(EntityManagerFactoryBuilderImpl.java:1517) ~[hibernate-core-6.6.39.Final.jar:6.6.39.Final]
	at org.springframework.orm.jpa.vendor.SpringHibernateJpaPersistenceProvider.createContainerEntityManagerFactory(SpringHibernateJpaPersistenceProvider.java:66) ~[spring-orm-6.2.15.jar:6.2.15]
	at org.springframework.orm.jpa.LocalContainerEntityManagerFactoryBean.createNativeEntityManagerFactory(LocalContainerEntityManagerFactoryBean.java:390) ~[spring-orm-6.2.15.jar:6.2.15]
	at org.springframework.orm.jpa.AbstractEntityManagerFactoryBean.buildNativeEntityManagerFactory(AbstractEntityManagerFactoryBean.java:419) ~[spring-orm-6.2.15.jar:6.2.15]
	... 22 common frames omitted
	Suppressed: org.hibernate.query.SemanticException: Could not interpret path expression 'com.example.ecommerce.entity.ProductStatus.ACTIVE'
		at org.hibernate.query.hql.internal.BasicDotIdentifierConsumer$BaseLocalSequencePart.resolvePathPart(BasicDotIdentifierConsumer.java:240) ~[hibernate-core-6.6.39.Final.jar:6.6.39.Final]
		at org.hibernate.query.hql.internal.BasicDotIdentifierConsumer.consumeIdentifier(BasicDotIdentifierConsumer.java:92) ~[hibernate-core-6.6.39.Final.jar:6.6.39.Final]
		at org.hibernate.query.hql.internal.SemanticQueryBuilder.visitSimplePath(SemanticQueryBuilder.java:5432) ~[hibernate-core-6.6.39.Final.jar:6.6.39.Final]
		at org.hibernate.query.hql.internal.SemanticQueryBuilder.visitGeneralPathFragment(SemanticQueryBuilder.java:5292) ~[hibernate-core-6.6.39.Final.jar:6.6.39.Final]
		at org.hibernate.query.hql.internal.SemanticQueryBuilder.visitGeneralPathExpression(SemanticQueryBuilder.java:1884) ~[hibernate-core-6.6.39.Final.jar:6.6.39.Final]
		at org.hibernate.grammars.hql.HqlParser$GeneralPathExpressionContext.accept(HqlParser.java:7882) ~[hibernate-core-6.6.39.Final.jar:6.6.39.Final]
		at org.antlr.v4.runtime.tree.AbstractParseTreeVisitor.visitChildren(AbstractParseTreeVisitor.java:46) ~[antlr4-runtime-4.13.0.jar:4.13.0]
		at org.hibernate.grammars.hql.HqlParserBaseVisitor.visitBarePrimaryExpression(HqlParserBaseVisitor.java:749) ~[hibernate-core-6.6.39.Final.jar:6.6.39.Final]
		at org.hibernate.grammars.hql.HqlParser$BarePrimaryExpressionContext.accept(HqlParser.java:7331) ~[hibernate-core-6.6.39.Final.jar:6.6.39.Final]
		at org.hibernate.query.hql.internal.SemanticQueryBuilder.createComparisonPredicate(SemanticQueryBuilder.java:2615) ~[hibernate-core-6.6.39.Final.jar:6.6.39.Final]
		at org.hibernate.query.hql.internal.SemanticQueryBuilder.visitBinaryExpressionPredicate(SemanticQueryBuilder.java:2566) ~[hibernate-core-6.6.39.Final.jar:6.6.39.Final]
		at org.hibernate.query.hql.internal.SemanticQueryBuilder.visitBinaryExpressionPredicate(SemanticQueryBuilder.java:278) ~[hibernate-core-6.6.39.Final.jar:6.6.39.Final]
		at org.hibernate.grammars.hql.HqlParser$BinaryExpressionPredicateContext.accept(HqlParser.java:6264) ~[hibernate-core-6.6.39.Final.jar:6.6.39.Final]
		at org.hibernate.query.hql.internal.SemanticQueryBuilder.visitAndPredicate(SemanticQueryBuilder.java:2400) ~[hibernate-core-6.6.39.Final.jar:6.6.39.Final]
		at org.hibernate.query.hql.internal.SemanticQueryBuilder.visitAndPredicate(SemanticQueryBuilder.java:278) ~[hibernate-core-6.6.39.Final.jar:6.6.39.Final]
		at org.hibernate.grammars.hql.HqlParser$AndPredicateContext.accept(HqlParser.java:6361) ~[hibernate-core-6.6.39.Final.jar:6.6.39.Final]
		at org.hibernate.query.hql.internal.SemanticQueryBuilder.visitWhereClause(SemanticQueryBuilder.java:2382) ~[hibernate-core-6.6.39.Final.jar:6.6.39.Final]
		at org.hibernate.query.hql.internal.SemanticQueryBuilder.visitWhereClause(SemanticQueryBuilder.java:278) ~[hibernate-core-6.6.39.Final.jar:6.6.39.Final]
		at org.hibernate.grammars.hql.HqlParser$WhereClauseContext.accept(HqlParser.java:6192) ~[hibernate-core-6.6.39.Final.jar:6.6.39.Final]
		at org.hibernate.query.hql.internal.SemanticQueryBuilder.visitQuery(SemanticQueryBuilder.java:1252) ~[hibernate-core-6.6.39.Final.jar:6.6.39.Final]
		at org.hibernate.query.hql.internal.SemanticQueryBuilder.visitQuerySpecExpression(SemanticQueryBuilder.java:1029) ~[hibernate-core-6.6.39.Final.jar:6.6.39.Final]
		at org.hibernate.query.hql.internal.SemanticQueryBuilder.visitQuerySpecExpression(SemanticQueryBuilder.java:278) ~[hibernate-core-6.6.39.Final.jar:6.6.39.Final]
		at org.hibernate.grammars.hql.HqlParser$QuerySpecExpressionContext.accept(HqlParser.java:2077) ~[hibernate-core-6.6.39.Final.jar:6.6.39.Final]
		at org.hibernate.query.hql.internal.SemanticQueryBuilder.visitQueryExpression(SemanticQueryBuilder.java:1063) ~[hibernate-core-6.6.39.Final.jar:6.6.39.Final]
		at org.hibernate.query.hql.internal.SemanticQueryBuilder.visitQueryExpression(SemanticQueryBuilder.java:278) ~[hibernate-core-6.6.39.Final.jar:6.6.39.Final]
		at org.hibernate.grammars.hql.HqlParser$QueryExpressionContext.accept(HqlParser.java:1973) ~[hibernate-core-6.6.39.Final.jar:6.6.39.Final]
		at org.hibernate.query.hql.internal.SemanticQueryBuilder.visitSelectStatement(SemanticQueryBuilder.java:493) ~[hibernate-core-6.6.39.Final.jar:6.6.39.Final]
		at org.hibernate.query.hql.internal.SemanticQueryBuilder.visitStatement(SemanticQueryBuilder.java:452) ~[hibernate-core-6.6.39.Final.jar:6.6.39.Final]
		at org.hibernate.query.hql.internal.SemanticQueryBuilder.buildSemanticModel(SemanticQueryBuilder.java:325) ~[hibernate-core-6.6.39.Final.jar:6.6.39.Final]
		at org.hibernate.query.hql.internal.StandardHqlTranslator.translate(StandardHqlTranslator.java:71) ~[hibernate-core-6.6.39.Final.jar:6.6.39.Final]
		at org.hibernate.query.internal.QueryInterpretationCacheStandardImpl.createHqlInterpretation(QueryInterpretationCacheStandardImpl.java:145) ~[hibernate-core-6.6.39.Final.jar:6.6.39.Final]
		at org.hibernate.query.internal.QueryInterpretationCacheStandardImpl.resolveHqlInterpretation(QueryInterpretationCacheStandardImpl.java:132) ~[hibernate-core-6.6.39.Final.jar:6.6.39.Final]
		at org.hibernate.query.internal.NamedObjectRepositoryImpl.checkNamedQueries(NamedObjectRepositoryImpl.java:249) ~[hibernate-core-6.6.39.Final.jar:6.6.39.Final]
		at org.hibernate.query.internal.NamedObjectRepositoryImpl.validateNamedQueries(NamedObjectRepositoryImpl.java:219) ~[hibernate-core-6.6.39.Final.jar:6.6.39.Final]
		... 31 common frames omitted

2026-08-19T10:26:52.032+05:30  INFO 21768 --- [ecommerce-rest-api] [restartedMain] c.e.ecommerce.EcommerceApplication       : Starting EcommerceApplication using Java 25 with PID 21768 (C:\Users\Admin\OneDrive\Desktop\Java Traingin stackly\Springboot_Projects\ecommerce-rest-api\ecommerce-rest-api\target\classes started by Admin in C:\Users\Admin\OneDrive\Desktop\Java Traingin stackly\Springboot_Projects\ecommerce-rest-api)
2026-08-19T10:26:52.035+05:30 DEBUG 21768 --- [ecommerce-rest-api] [restartedMain] c.e.ecommerce.EcommerceApplication       : Running with Spring Boot v3.4.13, Spring v6.2.15
2026-08-19T10:26:52.036+05:30  INFO 21768 --- [ecommerce-rest-api] [restartedMain] c.e.ecommerce.EcommerceApplication       : No active profile set, falling back to 1 default profile: "default"
2026-08-19T10:26:52.127+05:30  INFO 21768 --- [ecommerce-rest-api] [restartedMain] .e.DevToolsPropertyDefaultsPostProcessor : Devtools property defaults active! Set 'spring.devtools.add-properties' to 'false' to disable
2026-08-19T10:26:52.127+05:30  INFO 21768 --- [ecommerce-rest-api] [restartedMain] .e.DevToolsPropertyDefaultsPostProcessor : For additional web related logging consider setting the 'logging.level.web' property to 'DEBUG'
2026-08-19T10:26:54.574+05:30  INFO 21768 --- [ecommerce-rest-api] [restartedMain] .s.d.r.c.RepositoryConfigurationDelegate : Bootstrapping Spring Data JPA repositories in DEFAULT mode.
2026-08-19T10:26:54.763+05:30  INFO 21768 --- [ecommerce-rest-api] [restartedMain] .s.d.r.c.RepositoryConfigurationDelegate : Finished Spring Data repository scanning in 170 ms. Found 7 JPA repository interfaces.
2026-08-19T10:26:56.261+05:30  INFO 21768 --- [ecommerce-rest-api] [restartedMain] o.s.b.w.embedded.tomcat.TomcatWebServer  : Tomcat initialized with port 8080 (http)
2026-08-19T10:26:56.289+05:30  INFO 21768 --- [ecommerce-rest-api] [restartedMain] o.apache.catalina.core.StandardService   : Starting service [Tomcat]
2026-08-19T10:26:56.290+05:30  INFO 21768 --- [ecommerce-rest-api] [restartedMain] o.apache.catalina.core.StandardEngine    : Starting Servlet engine: [Apache Tomcat/10.1.50]
2026-08-19T10:26:56.393+05:30  INFO 21768 --- [ecommerce-rest-api] [restartedMain] o.a.c.c.C.[Tomcat].[localhost].[/]       : Initializing Spring embedded WebApplicationContext
2026-08-19T10:26:56.395+05:30  INFO 21768 --- [ecommerce-rest-api] [restartedMain] w.s.c.ServletWebServerApplicationContext : Root WebApplicationContext: initialization completed in 4265 ms
2026-08-19T10:26:57.000+05:30  INFO 21768 --- [ecommerce-rest-api] [restartedMain] o.hibernate.jpa.internal.util.LogHelper  : HHH000204: Processing PersistenceUnitInfo [name: default]
2026-08-19T10:26:57.204+05:30  INFO 21768 --- [ecommerce-rest-api] [restartedMain] org.hibernate.Version                    : HHH000412: Hibernate ORM core version 6.6.39.Final
2026-08-19T10:26:57.277+05:30  INFO 21768 --- [ecommerce-rest-api] [restartedMain] o.h.c.internal.RegionFactoryInitiator    : HHH000026: Second-level cache disabled
2026-08-19T10:26:57.906+05:30  INFO 21768 --- [ecommerce-rest-api] [restartedMain] o.s.o.j.p.SpringPersistenceUnitInfo      : No LoadTimeWeaver setup: ignoring JPA class transformer
2026-08-19T10:26:57.975+05:30  INFO 21768 --- [ecommerce-rest-api] [restartedMain] com.zaxxer.hikari.HikariDataSource       : HikariPool-1 - Starting...
2026-08-19T10:26:57.993+05:30  INFO 14836 --- [ecommerce-rest-api] [restartedMain] c.e.ecommerce.EcommerceApplication       : Starting EcommerceApplication using Java 25 with PID 14836 (C:\Users\Admin\OneDrive\Desktop\Java Traingin stackly\Springboot_Projects\ecommerce-rest-api\ecommerce-rest-api\target\classes started by Admin in C:\Users\Admin\OneDrive\Desktop\Java Traingin stackly\Springboot_Projects\ecommerce-rest-api)
2026-08-19T10:26:57.996+05:30 DEBUG 14836 --- [ecommerce-rest-api] [restartedMain] c.e.ecommerce.EcommerceApplication       : Running with Spring Boot v3.4.13, Spring v6.2.15
2026-08-19T10:26:57.997+05:30  INFO 14836 --- [ecommerce-rest-api] [restartedMain] c.e.ecommerce.EcommerceApplication       : No active profile set, falling back to 1 default profile: "default"
2026-08-19T10:26:58.092+05:30  INFO 14836 --- [ecommerce-rest-api] [restartedMain] .e.DevToolsPropertyDefaultsPostProcessor : Devtools property defaults active! Set 'spring.devtools.add-properties' to 'false' to disable
2026-08-19T10:26:58.093+05:30  INFO 14836 --- [ecommerce-rest-api] [restartedMain] .e.DevToolsPropertyDefaultsPostProcessor : For additional web related logging consider setting the 'logging.level.web' property to 'DEBUG'
2026-08-19T10:26:58.323+05:30  INFO 21768 --- [ecommerce-rest-api] [restartedMain] com.zaxxer.hikari.pool.HikariPool        : HikariPool-1 - Added connection com.mysql.cj.jdbc.ConnectionImpl@5f0b394e
2026-08-19T10:26:58.328+05:30  INFO 21768 --- [ecommerce-rest-api] [restartedMain] com.zaxxer.hikari.HikariDataSource       : HikariPool-1 - Start completed.
2026-08-19T10:26:58.492+05:30  INFO 21768 --- [ecommerce-rest-api] [restartedMain] org.hibernate.orm.connections.pooling    : HHH10001005: Database info:
	Database JDBC URL [Connecting through datasource 'HikariDataSource (HikariPool-1)']
	Database driver: undefined/unknown
	Database version: 8.0.42
	Autocommit mode: undefined/unknown
	Isolation level: undefined/unknown
	Minimum pool size: undefined/unknown
	Maximum pool size: undefined/unknown
2026-08-19T10:27:00.913+05:30  INFO 14836 --- [ecommerce-rest-api] [restartedMain] .s.d.r.c.RepositoryConfigurationDelegate : Bootstrapping Spring Data JPA repositories in DEFAULT mode.
2026-08-19T10:27:01.019+05:30  INFO 21768 --- [ecommerce-rest-api] [restartedMain] o.h.e.t.j.p.i.JtaPlatformInitiator       : HHH000489: No JTA platform available (set 'hibernate.transaction.jta.platform' to enable JTA platform integration)
2026-08-19T10:27:01.100+05:30  INFO 14836 --- [ecommerce-rest-api] [restartedMain] .s.d.r.c.RepositoryConfigurationDelegate : Finished Spring Data repository scanning in 169 ms. Found 7 JPA repository interfaces.
2026-08-19T10:27:01.409+05:30 ERROR 21768 --- [ecommerce-rest-api] [restartedMain] org.hibernate.orm.query                  : HHH90003001: Error in named query: Product.findActiveByCategoryNamed

org.hibernate.query.SemanticException: Could not interpret path expression 'com.example.ecommerce.entity.ProductStatus.ACTIVE'
	at org.hibernate.query.hql.internal.BasicDotIdentifierConsumer$BaseLocalSequencePart.resolvePathPart(BasicDotIdentifierConsumer.java:240) ~[hibernate-core-6.6.39.Final.jar:6.6.39.Final]
	at org.hibernate.query.hql.internal.BasicDotIdentifierConsumer.consumeIdentifier(BasicDotIdentifierConsumer.java:92) ~[hibernate-core-6.6.39.Final.jar:6.6.39.Final]
	at org.hibernate.query.hql.internal.SemanticQueryBuilder.visitSimplePath(SemanticQueryBuilder.java:5432) ~[hibernate-core-6.6.39.Final.jar:6.6.39.Final]
	at org.hibernate.query.hql.internal.SemanticQueryBuilder.visitGeneralPathFragment(SemanticQueryBuilder.java:5292) ~[hibernate-core-6.6.39.Final.jar:6.6.39.Final]
	at org.hibernate.query.hql.internal.SemanticQueryBuilder.visitGeneralPathExpression(SemanticQueryBuilder.java:1884) ~[hibernate-core-6.6.39.Final.jar:6.6.39.Final]
	at org.hibernate.grammars.hql.HqlParser$GeneralPathExpressionContext.accept(HqlParser.java:7882) ~[hibernate-core-6.6.39.Final.jar:6.6.39.Final]
	at org.antlr.v4.runtime.tree.AbstractParseTreeVisitor.visitChildren(AbstractParseTreeVisitor.java:46) ~[antlr4-runtime-4.13.0.jar:4.13.0]
	at org.hibernate.grammars.hql.HqlParserBaseVisitor.visitBarePrimaryExpression(HqlParserBaseVisitor.java:749) ~[hibernate-core-6.6.39.Final.jar:6.6.39.Final]
	at org.hibernate.grammars.hql.HqlParser$BarePrimaryExpressionContext.accept(HqlParser.java:7331) ~[hibernate-core-6.6.39.Final.jar:6.6.39.Final]
	at org.hibernate.query.hql.internal.SemanticQueryBuilder.createComparisonPredicate(SemanticQueryBuilder.java:2615) ~[hibernate-core-6.6.39.Final.jar:6.6.39.Final]
	at org.hibernate.query.hql.internal.SemanticQueryBuilder.visitBinaryExpressionPredicate(SemanticQueryBuilder.java:2566) ~[hibernate-core-6.6.39.Final.jar:6.6.39.Final]
	at org.hibernate.query.hql.internal.SemanticQueryBuilder.visitBinaryExpressionPredicate(SemanticQueryBuilder.java:278) ~[hibernate-core-6.6.39.Final.jar:6.6.39.Final]
	at org.hibernate.grammars.hql.HqlParser$BinaryExpressionPredicateContext.accept(HqlParser.java:6264) ~[hibernate-core-6.6.39.Final.jar:6.6.39.Final]
	at org.hibernate.query.hql.internal.SemanticQueryBuilder.visitAndPredicate(SemanticQueryBuilder.java:2400) ~[hibernate-core-6.6.39.Final.jar:6.6.39.Final]
	at org.hibernate.query.hql.internal.SemanticQueryBuilder.visitAndPredicate(SemanticQueryBuilder.java:278) ~[hibernate-core-6.6.39.Final.jar:6.6.39.Final]
	at org.hibernate.grammars.hql.HqlParser$AndPredicateContext.accept(HqlParser.java:6361) ~[hibernate-core-6.6.39.Final.jar:6.6.39.Final]
	at org.hibernate.query.hql.internal.SemanticQueryBuilder.visitWhereClause(SemanticQueryBuilder.java:2382) ~[hibernate-core-6.6.39.Final.jar:6.6.39.Final]
	at org.hibernate.query.hql.internal.SemanticQueryBuilder.visitWhereClause(SemanticQueryBuilder.java:278) ~[hibernate-core-6.6.39.Final.jar:6.6.39.Final]
	at org.hibernate.grammars.hql.HqlParser$WhereClauseContext.accept(HqlParser.java:6192) ~[hibernate-core-6.6.39.Final.jar:6.6.39.Final]
	at org.hibernate.query.hql.internal.SemanticQueryBuilder.visitQuery(SemanticQueryBuilder.java:1252) ~[hibernate-core-6.6.39.Final.jar:6.6.39.Final]
	at org.hibernate.query.hql.internal.SemanticQueryBuilder.visitQuerySpecExpression(SemanticQueryBuilder.java:1029) ~[hibernate-core-6.6.39.Final.jar:6.6.39.Final]
	at org.hibernate.query.hql.internal.SemanticQueryBuilder.visitQuerySpecExpression(SemanticQueryBuilder.java:278) ~[hibernate-core-6.6.39.Final.jar:6.6.39.Final]
	at org.hibernate.grammars.hql.HqlParser$QuerySpecExpressionContext.accept(HqlParser.java:2077) ~[hibernate-core-6.6.39.Final.jar:6.6.39.Final]
	at org.hibernate.query.hql.internal.SemanticQueryBuilder.visitQueryExpression(SemanticQueryBuilder.java:1063) ~[hibernate-core-6.6.39.Final.jar:6.6.39.Final]
	at org.hibernate.query.hql.internal.SemanticQueryBuilder.visitQueryExpression(SemanticQueryBuilder.java:278) ~[hibernate-core-6.6.39.Final.jar:6.6.39.Final]
	at org.hibernate.grammars.hql.HqlParser$QueryExpressionContext.accept(HqlParser.java:1973) ~[hibernate-core-6.6.39.Final.jar:6.6.39.Final]
	at org.hibernate.query.hql.internal.SemanticQueryBuilder.visitSelectStatement(SemanticQueryBuilder.java:493) ~[hibernate-core-6.6.39.Final.jar:6.6.39.Final]
	at org.hibernate.query.hql.internal.SemanticQueryBuilder.visitStatement(SemanticQueryBuilder.java:452) ~[hibernate-core-6.6.39.Final.jar:6.6.39.Final]
	at org.hibernate.query.hql.internal.SemanticQueryBuilder.buildSemanticModel(SemanticQueryBuilder.java:325) ~[hibernate-core-6.6.39.Final.jar:6.6.39.Final]
	at org.hibernate.query.hql.internal.StandardHqlTranslator.translate(StandardHqlTranslator.java:71) ~[hibernate-core-6.6.39.Final.jar:6.6.39.Final]
	at org.hibernate.query.internal.QueryInterpretationCacheStandardImpl.createHqlInterpretation(QueryInterpretationCacheStandardImpl.java:145) ~[hibernate-core-6.6.39.Final.jar:6.6.39.Final]
	at org.hibernate.query.internal.QueryInterpretationCacheStandardImpl.resolveHqlInterpretation(QueryInterpretationCacheStandardImpl.java:132) ~[hibernate-core-6.6.39.Final.jar:6.6.39.Final]
	at org.hibernate.query.internal.NamedObjectRepositoryImpl.checkNamedQueries(NamedObjectRepositoryImpl.java:249) ~[hibernate-core-6.6.39.Final.jar:6.6.39.Final]
	at org.hibernate.query.internal.NamedObjectRepositoryImpl.validateNamedQueries(NamedObjectRepositoryImpl.java:219) ~[hibernate-core-6.6.39.Final.jar:6.6.39.Final]
	at org.hibernate.query.internal.QueryEngineImpl.validateNamedQueries(QueryEngineImpl.java:215) ~[hibernate-core-6.6.39.Final.jar:6.6.39.Final]
	at org.hibernate.boot.internal.SessionFactoryObserverForNamedQueryValidation.sessionFactoryCreated(SessionFactoryObserverForNamedQueryValidation.java:39) ~[hibernate-core-6.6.39.Final.jar:6.6.39.Final]
	at org.hibernate.internal.SessionFactoryObserverChain.sessionFactoryCreated(SessionFactoryObserverChain.java:35) ~[hibernate-core-6.6.39.Final.jar:6.6.39.Final]
	at org.hibernate.internal.SessionFactoryImpl.<init>(SessionFactoryImpl.java:324) ~[hibernate-core-6.6.39.Final.jar:6.6.39.Final]
	at org.hibernate.boot.internal.SessionFactoryBuilderImpl.build(SessionFactoryBuilderImpl.java:463) ~[hibernate-core-6.6.39.Final.jar:6.6.39.Final]
	at org.hibernate.jpa.boot.internal.EntityManagerFactoryBuilderImpl.build(EntityManagerFactoryBuilderImpl.java:1517) ~[hibernate-core-6.6.39.Final.jar:6.6.39.Final]
	at org.springframework.orm.jpa.vendor.SpringHibernateJpaPersistenceProvider.createContainerEntityManagerFactory(SpringHibernateJpaPersistenceProvider.java:66) ~[spring-orm-6.2.15.jar:6.2.15]
	at org.springframework.orm.jpa.LocalContainerEntityManagerFactoryBean.createNativeEntityManagerFactory(LocalContainerEntityManagerFactoryBean.java:390) ~[spring-orm-6.2.15.jar:6.2.15]
	at org.springframework.orm.jpa.AbstractEntityManagerFactoryBean.buildNativeEntityManagerFactory(AbstractEntityManagerFactoryBean.java:419) ~[spring-orm-6.2.15.jar:6.2.15]
	at org.springframework.orm.jpa.AbstractEntityManagerFactoryBean.afterPropertiesSet(AbstractEntityManagerFactoryBean.java:400) ~[spring-orm-6.2.15.jar:6.2.15]
	at org.springframework.orm.jpa.LocalContainerEntityManagerFactoryBean.afterPropertiesSet(LocalContainerEntityManagerFactoryBean.java:366) ~[spring-orm-6.2.15.jar:6.2.15]
	at org.springframework.beans.factory.support.AbstractAutowireCapableBeanFactory.invokeInitMethods(AbstractAutowireCapableBeanFactory.java:1873) ~[spring-beans-6.2.15.jar:6.2.15]
	at org.springframework.beans.factory.support.AbstractAutowireCapableBeanFactory.initializeBean(AbstractAutowireCapableBeanFactory.java:1822) ~[spring-beans-6.2.15.jar:6.2.15]
	at org.springframework.beans.factory.support.AbstractAutowireCapableBeanFactory.doCreateBean(AbstractAutowireCapableBeanFactory.java:607) ~[spring-beans-6.2.15.jar:6.2.15]
	at org.springframework.beans.factory.support.AbstractAutowireCapableBeanFactory.createBean(AbstractAutowireCapableBeanFactory.java:529) ~[spring-beans-6.2.15.jar:6.2.15]
	at org.springframework.beans.factory.support.AbstractBeanFactory.lambda$doGetBean$0(AbstractBeanFactory.java:339) ~[spring-beans-6.2.15.jar:6.2.15]
	at org.springframework.beans.factory.support.DefaultSingletonBeanRegistry.getSingleton(DefaultSingletonBeanRegistry.java:373) ~[spring-beans-6.2.15.jar:6.2.15]
	at org.springframework.beans.factory.support.AbstractBeanFactory.doGetBean(AbstractBeanFactory.java:337) ~[spring-beans-6.2.15.jar:6.2.15]
	at org.springframework.beans.factory.support.AbstractBeanFactory.getBean(AbstractBeanFactory.java:207) ~[spring-beans-6.2.15.jar:6.2.15]
	at org.springframework.context.support.AbstractApplicationContext.finishBeanFactoryInitialization(AbstractApplicationContext.java:973) ~[spring-context-6.2.15.jar:6.2.15]
	at org.springframework.context.support.AbstractApplicationContext.refresh(AbstractApplicationContext.java:627) ~[spring-context-6.2.15.jar:6.2.15]
	at org.springframework.boot.web.servlet.context.ServletWebServerApplicationContext.refresh(ServletWebServerApplicationContext.java:146) ~[spring-boot-3.4.13.jar:3.4.13]
	at org.springframework.boot.SpringApplication.refresh(SpringApplication.java:752) ~[spring-boot-3.4.13.jar:3.4.13]
	at org.springframework.boot.SpringApplication.refreshContext(SpringApplication.java:439) ~[spring-boot-3.4.13.jar:3.4.13]
	at org.springframework.boot.SpringApplication.run(SpringApplication.java:318) ~[spring-boot-3.4.13.jar:3.4.13]
	at org.springframework.boot.SpringApplication.run(SpringApplication.java:1361) ~[spring-boot-3.4.13.jar:3.4.13]
	at org.springframework.boot.SpringApplication.run(SpringApplication.java:1350) ~[spring-boot-3.4.13.jar:3.4.13]
	at com.example.ecommerce.EcommerceApplication.main(EcommerceApplication.java:12) ~[classes/:na]
	at java.base/jdk.internal.reflect.DirectMethodHandleAccessor.invoke(DirectMethodHandleAccessor.java:104) ~[na:na]
	at java.base/java.lang.reflect.Method.invoke(Method.java:565) ~[na:na]
	at org.springframework.boot.devtools.restart.RestartLauncher.run(RestartLauncher.java:50) ~[spring-boot-devtools-3.4.13.jar:3.4.13]

2026-08-19T10:27:01.428+05:30 ERROR 21768 --- [ecommerce-rest-api] [restartedMain] j.LocalContainerEntityManagerFactoryBean : Failed to initialize JPA EntityManagerFactory: [PersistenceUnit: default] Unable to build Hibernate SessionFactory; nested exception is org.hibernate.query.NamedQueryValidationException: Errors in named queries: 
  [1] Error in query named 'Product.findActiveByCategoryNamed': Could not interpret path expression 'com.example.ecommerce.entity.ProductStatus.ACTIVE'
2026-08-19T10:27:01.430+05:30  WARN 21768 --- [ecommerce-rest-api] [restartedMain] ConfigServletWebServerApplicationContext : Exception encountered during context initialization - cancelling refresh attempt: org.springframework.beans.factory.BeanCreationException: Error creating bean with name 'entityManagerFactory' defined in class path resource [org/springframework/boot/autoconfigure/orm/jpa/HibernateJpaConfiguration.class]: [PersistenceUnit: default] Unable to build Hibernate SessionFactory; nested exception is org.hibernate.query.NamedQueryValidationException: Errors in named queries: 
  [1] Error in query named 'Product.findActiveByCategoryNamed': Could not interpret path expression 'com.example.ecommerce.entity.ProductStatus.ACTIVE'
2026-08-19T10:27:01.433+05:30  INFO 21768 --- [ecommerce-rest-api] [restartedMain] com.zaxxer.hikari.HikariDataSource       : HikariPool-1 - Shutdown initiated...
2026-08-19T10:27:01.446+05:30  INFO 21768 --- [ecommerce-rest-api] [restartedMain] com.zaxxer.hikari.HikariDataSource       : HikariPool-1 - Shutdown completed.
2026-08-19T10:27:01.452+05:30  INFO 21768 --- [ecommerce-rest-api] [restartedMain] o.apache.catalina.core.StandardService   : Stopping service [Tomcat]
2026-08-19T10:27:01.496+05:30  INFO 21768 --- [ecommerce-rest-api] [restartedMain] .s.b.a.l.ConditionEvaluationReportLogger : 

Error starting ApplicationContext. To display the condition evaluation report re-run your application with 'debug' enabled.
2026-08-19T10:27:01.544+05:30 ERROR 21768 --- [ecommerce-rest-api] [restartedMain] o.s.boot.SpringApplication               : Application run failed

org.springframework.beans.factory.BeanCreationException: Error creating bean with name 'entityManagerFactory' defined in class path resource [org/springframework/boot/autoconfigure/orm/jpa/HibernateJpaConfiguration.class]: [PersistenceUnit: default] Unable to build Hibernate SessionFactory; nested exception is org.hibernate.query.NamedQueryValidationException: Errors in named queries: 
  [1] Error in query named 'Product.findActiveByCategoryNamed': Could not interpret path expression 'com.example.ecommerce.entity.ProductStatus.ACTIVE'
	at org.springframework.beans.factory.support.AbstractAutowireCapableBeanFactory.initializeBean(AbstractAutowireCapableBeanFactory.java:1826) ~[spring-beans-6.2.15.jar:6.2.15]
	at org.springframework.beans.factory.support.AbstractAutowireCapableBeanFactory.doCreateBean(AbstractAutowireCapableBeanFactory.java:607) ~[spring-beans-6.2.15.jar:6.2.15]
	at org.springframework.beans.factory.support.AbstractAutowireCapableBeanFactory.createBean(AbstractAutowireCapableBeanFactory.java:529) ~[spring-beans-6.2.15.jar:6.2.15]
	at org.springframework.beans.factory.support.AbstractBeanFactory.lambda$doGetBean$0(AbstractBeanFactory.java:339) ~[spring-beans-6.2.15.jar:6.2.15]
	at org.springframework.beans.factory.support.DefaultSingletonBeanRegistry.getSingleton(DefaultSingletonBeanRegistry.java:373) ~[spring-beans-6.2.15.jar:6.2.15]
	at org.springframework.beans.factory.support.AbstractBeanFactory.doGetBean(AbstractBeanFactory.java:337) ~[spring-beans-6.2.15.jar:6.2.15]
	at org.springframework.beans.factory.support.AbstractBeanFactory.getBean(AbstractBeanFactory.java:207) ~[spring-beans-6.2.15.jar:6.2.15]
	at org.springframework.context.support.AbstractApplicationContext.finishBeanFactoryInitialization(AbstractApplicationContext.java:973) ~[spring-context-6.2.15.jar:6.2.15]
	at org.springframework.context.support.AbstractApplicationContext.refresh(AbstractApplicationContext.java:627) ~[spring-context-6.2.15.jar:6.2.15]
	at org.springframework.boot.web.servlet.context.ServletWebServerApplicationContext.refresh(ServletWebServerApplicationContext.java:146) ~[spring-boot-3.4.13.jar:3.4.13]
	at org.springframework.boot.SpringApplication.refresh(SpringApplication.java:752) ~[spring-boot-3.4.13.jar:3.4.13]
	at org.springframework.boot.SpringApplication.refreshContext(SpringApplication.java:439) ~[spring-boot-3.4.13.jar:3.4.13]
	at org.springframework.boot.SpringApplication.run(SpringApplication.java:318) ~[spring-boot-3.4.13.jar:3.4.13]
	at org.springframework.boot.SpringApplication.run(SpringApplication.java:1361) ~[spring-boot-3.4.13.jar:3.4.13]
	at org.springframework.boot.SpringApplication.run(SpringApplication.java:1350) ~[spring-boot-3.4.13.jar:3.4.13]
	at com.example.ecommerce.EcommerceApplication.main(EcommerceApplication.java:12) ~[classes/:na]
	at java.base/jdk.internal.reflect.DirectMethodHandleAccessor.invoke(DirectMethodHandleAccessor.java:104) ~[na:na]
	at java.base/java.lang.reflect.Method.invoke(Method.java:565) ~[na:na]
	at org.springframework.boot.devtools.restart.RestartLauncher.run(RestartLauncher.java:50) ~[spring-boot-devtools-3.4.13.jar:3.4.13]
Caused by: jakarta.persistence.PersistenceException: [PersistenceUnit: default] Unable to build Hibernate SessionFactory; nested exception is org.hibernate.query.NamedQueryValidationException: Errors in named queries: 
  [1] Error in query named 'Product.findActiveByCategoryNamed': Could not interpret path expression 'com.example.ecommerce.entity.ProductStatus.ACTIVE'
	at org.springframework.orm.jpa.AbstractEntityManagerFactoryBean.buildNativeEntityManagerFactory(AbstractEntityManagerFactoryBean.java:431) ~[spring-orm-6.2.15.jar:6.2.15]
	at org.springframework.orm.jpa.AbstractEntityManagerFactoryBean.afterPropertiesSet(AbstractEntityManagerFactoryBean.java:400) ~[spring-orm-6.2.15.jar:6.2.15]
	at org.springframework.orm.jpa.LocalContainerEntityManagerFactoryBean.afterPropertiesSet(LocalContainerEntityManagerFactoryBean.java:366) ~[spring-orm-6.2.15.jar:6.2.15]
	at org.springframework.beans.factory.support.AbstractAutowireCapableBeanFactory.invokeInitMethods(AbstractAutowireCapableBeanFactory.java:1873) ~[spring-beans-6.2.15.jar:6.2.15]
	at org.springframework.beans.factory.support.AbstractAutowireCapableBeanFactory.initializeBean(AbstractAutowireCapableBeanFactory.java:1822) ~[spring-beans-6.2.15.jar:6.2.15]
	... 18 common frames omitted
Caused by: org.hibernate.query.NamedQueryValidationException: Errors in named queries: 
  [1] Error in query named 'Product.findActiveByCategoryNamed': Could not interpret path expression 'com.example.ecommerce.entity.ProductStatus.ACTIVE'
	at org.hibernate.query.internal.NamedObjectRepositoryImpl.validateNamedQueries(NamedObjectRepositoryImpl.java:230) ~[hibernate-core-6.6.39.Final.jar:6.6.39.Final]
	at org.hibernate.query.internal.QueryEngineImpl.validateNamedQueries(QueryEngineImpl.java:215) ~[hibernate-core-6.6.39.Final.jar:6.6.39.Final]
	at org.hibernate.boot.internal.SessionFactoryObserverForNamedQueryValidation.sessionFactoryCreated(SessionFactoryObserverForNamedQueryValidation.java:39) ~[hibernate-core-6.6.39.Final.jar:6.6.39.Final]
	at org.hibernate.internal.SessionFactoryObserverChain.sessionFactoryCreated(SessionFactoryObserverChain.java:35) ~[hibernate-core-6.6.39.Final.jar:6.6.39.Final]
	at org.hibernate.internal.SessionFactoryImpl.<init>(SessionFactoryImpl.java:324) ~[hibernate-core-6.6.39.Final.jar:6.6.39.Final]
	at org.hibernate.boot.internal.SessionFactoryBuilderImpl.build(SessionFactoryBuilderImpl.java:463) ~[hibernate-core-6.6.39.Final.jar:6.6.39.Final]
	at org.hibernate.jpa.boot.internal.EntityManagerFactoryBuilderImpl.build(EntityManagerFactoryBuilderImpl.java:1517) ~[hibernate-core-6.6.39.Final.jar:6.6.39.Final]
	at org.springframework.orm.jpa.vendor.SpringHibernateJpaPersistenceProvider.createContainerEntityManagerFactory(SpringHibernateJpaPersistenceProvider.java:66) ~[spring-orm-6.2.15.jar:6.2.15]
	at org.springframework.orm.jpa.LocalContainerEntityManagerFactoryBean.createNativeEntityManagerFactory(LocalContainerEntityManagerFactoryBean.java:390) ~[spring-orm-6.2.15.jar:6.2.15]
	at org.springframework.orm.jpa.AbstractEntityManagerFactoryBean.buildNativeEntityManagerFactory(AbstractEntityManagerFactoryBean.java:419) ~[spring-orm-6.2.15.jar:6.2.15]
	... 22 common frames omitted
	Suppressed: org.hibernate.query.SemanticException: Could not interpret path expression 'com.example.ecommerce.entity.ProductStatus.ACTIVE'
		at org.hibernate.query.hql.internal.BasicDotIdentifierConsumer$BaseLocalSequencePart.resolvePathPart(BasicDotIdentifierConsumer.java:240) ~[hibernate-core-6.6.39.Final.jar:6.6.39.Final]
		at org.hibernate.query.hql.internal.BasicDotIdentifierConsumer.consumeIdentifier(BasicDotIdentifierConsumer.java:92) ~[hibernate-core-6.6.39.Final.jar:6.6.39.Final]
		at org.hibernate.query.hql.internal.SemanticQueryBuilder.visitSimplePath(SemanticQueryBuilder.java:5432) ~[hibernate-core-6.6.39.Final.jar:6.6.39.Final]
		at org.hibernate.query.hql.internal.SemanticQueryBuilder.visitGeneralPathFragment(SemanticQueryBuilder.java:5292) ~[hibernate-core-6.6.39.Final.jar:6.6.39.Final]
		at org.hibernate.query.hql.internal.SemanticQueryBuilder.visitGeneralPathExpression(SemanticQueryBuilder.java:1884) ~[hibernate-core-6.6.39.Final.jar:6.6.39.Final]
		at org.hibernate.grammars.hql.HqlParser$GeneralPathExpressionContext.accept(HqlParser.java:7882) ~[hibernate-core-6.6.39.Final.jar:6.6.39.Final]
		at org.antlr.v4.runtime.tree.AbstractParseTreeVisitor.visitChildren(AbstractParseTreeVisitor.java:46) ~[antlr4-runtime-4.13.0.jar:4.13.0]
		at org.hibernate.grammars.hql.HqlParserBaseVisitor.visitBarePrimaryExpression(HqlParserBaseVisitor.java:749) ~[hibernate-core-6.6.39.Final.jar:6.6.39.Final]
		at org.hibernate.grammars.hql.HqlParser$BarePrimaryExpressionContext.accept(HqlParser.java:7331) ~[hibernate-core-6.6.39.Final.jar:6.6.39.Final]
		at org.hibernate.query.hql.internal.SemanticQueryBuilder.createComparisonPredicate(SemanticQueryBuilder.java:2615) ~[hibernate-core-6.6.39.Final.jar:6.6.39.Final]
		at org.hibernate.query.hql.internal.SemanticQueryBuilder.visitBinaryExpressionPredicate(SemanticQueryBuilder.java:2566) ~[hibernate-core-6.6.39.Final.jar:6.6.39.Final]
		at org.hibernate.query.hql.internal.SemanticQueryBuilder.visitBinaryExpressionPredicate(SemanticQueryBuilder.java:278) ~[hibernate-core-6.6.39.Final.jar:6.6.39.Final]
		at org.hibernate.grammars.hql.HqlParser$BinaryExpressionPredicateContext.accept(HqlParser.java:6264) ~[hibernate-core-6.6.39.Final.jar:6.6.39.Final]
		at org.hibernate.query.hql.internal.SemanticQueryBuilder.visitAndPredicate(SemanticQueryBuilder.java:2400) ~[hibernate-core-6.6.39.Final.jar:6.6.39.Final]
		at org.hibernate.query.hql.internal.SemanticQueryBuilder.visitAndPredicate(SemanticQueryBuilder.java:278) ~[hibernate-core-6.6.39.Final.jar:6.6.39.Final]
		at org.hibernate.grammars.hql.HqlParser$AndPredicateContext.accept(HqlParser.java:6361) ~[hibernate-core-6.6.39.Final.jar:6.6.39.Final]
		at org.hibernate.query.hql.internal.SemanticQueryBuilder.visitWhereClause(SemanticQueryBuilder.java:2382) ~[hibernate-core-6.6.39.Final.jar:6.6.39.Final]
		at org.hibernate.query.hql.internal.SemanticQueryBuilder.visitWhereClause(SemanticQueryBuilder.java:278) ~[hibernate-core-6.6.39.Final.jar:6.6.39.Final]
		at org.hibernate.grammars.hql.HqlParser$WhereClauseContext.accept(HqlParser.java:6192) ~[hibernate-core-6.6.39.Final.jar:6.6.39.Final]
		at org.hibernate.query.hql.internal.SemanticQueryBuilder.visitQuery(SemanticQueryBuilder.java:1252) ~[hibernate-core-6.6.39.Final.jar:6.6.39.Final]
		at org.hibernate.query.hql.internal.SemanticQueryBuilder.visitQuerySpecExpression(SemanticQueryBuilder.java:1029) ~[hibernate-core-6.6.39.Final.jar:6.6.39.Final]
		at org.hibernate.query.hql.internal.SemanticQueryBuilder.visitQuerySpecExpression(SemanticQueryBuilder.java:278) ~[hibernate-core-6.6.39.Final.jar:6.6.39.Final]
		at org.hibernate.grammars.hql.HqlParser$QuerySpecExpressionContext.accept(HqlParser.java:2077) ~[hibernate-core-6.6.39.Final.jar:6.6.39.Final]
		at org.hibernate.query.hql.internal.SemanticQueryBuilder.visitQueryExpression(SemanticQueryBuilder.java:1063) ~[hibernate-core-6.6.39.Final.jar:6.6.39.Final]
		at org.hibernate.query.hql.internal.SemanticQueryBuilder.visitQueryExpression(SemanticQueryBuilder.java:278) ~[hibernate-core-6.6.39.Final.jar:6.6.39.Final]
		at org.hibernate.grammars.hql.HqlParser$QueryExpressionContext.accept(HqlParser.java:1973) ~[hibernate-core-6.6.39.Final.jar:6.6.39.Final]
		at org.hibernate.query.hql.internal.SemanticQueryBuilder.visitSelectStatement(SemanticQueryBuilder.java:493) ~[hibernate-core-6.6.39.Final.jar:6.6.39.Final]
		at org.hibernate.query.hql.internal.SemanticQueryBuilder.visitStatement(SemanticQueryBuilder.java:452) ~[hibernate-core-6.6.39.Final.jar:6.6.39.Final]
		at org.hibernate.query.hql.internal.SemanticQueryBuilder.buildSemanticModel(SemanticQueryBuilder.java:325) ~[hibernate-core-6.6.39.Final.jar:6.6.39.Final]
		at org.hibernate.query.hql.internal.StandardHqlTranslator.translate(StandardHqlTranslator.java:71) ~[hibernate-core-6.6.39.Final.jar:6.6.39.Final]
		at org.hibernate.query.internal.QueryInterpretationCacheStandardImpl.createHqlInterpretation(QueryInterpretationCacheStandardImpl.java:145) ~[hibernate-core-6.6.39.Final.jar:6.6.39.Final]
		at org.hibernate.query.internal.QueryInterpretationCacheStandardImpl.resolveHqlInterpretation(QueryInterpretationCacheStandardImpl.java:132) ~[hibernate-core-6.6.39.Final.jar:6.6.39.Final]
		at org.hibernate.query.internal.NamedObjectRepositoryImpl.checkNamedQueries(NamedObjectRepositoryImpl.java:249) ~[hibernate-core-6.6.39.Final.jar:6.6.39.Final]
		at org.hibernate.query.internal.NamedObjectRepositoryImpl.validateNamedQueries(NamedObjectRepositoryImpl.java:219) ~[hibernate-core-6.6.39.Final.jar:6.6.39.Final]
		... 31 common frames omitted

2026-08-19T10:27:02.394+05:30  INFO 14836 --- [ecommerce-rest-api] [restartedMain] o.s.b.w.embedded.tomcat.TomcatWebServer  : Tomcat initialized with port 8080 (http)
2026-08-19T10:27:02.421+05:30  INFO 14836 --- [ecommerce-rest-api] [restartedMain] o.apache.catalina.core.StandardService   : Starting service [Tomcat]
2026-08-19T10:27:02.425+05:30  INFO 14836 --- [ecommerce-rest-api] [restartedMain] o.apache.catalina.core.StandardEngine    : Starting Servlet engine: [Apache Tomcat/10.1.50]
2026-08-19T10:27:02.535+05:30  INFO 14836 --- [ecommerce-rest-api] [restartedMain] o.a.c.c.C.[Tomcat].[localhost].[/]       : Initializing Spring embedded WebApplicationContext
2026-08-19T10:27:02.536+05:30  INFO 14836 --- [ecommerce-rest-api] [restartedMain] w.s.c.ServletWebServerApplicationContext : Root WebApplicationContext: initialization completed in 4441 ms
2026-08-19T10:27:03.226+05:30  INFO 14836 --- [ecommerce-rest-api] [restartedMain] o.hibernate.jpa.internal.util.LogHelper  : HHH000204: Processing PersistenceUnitInfo [name: default]
2026-08-19T10:27:03.333+05:30  INFO 14836 --- [ecommerce-rest-api] [restartedMain] org.hibernate.Version                    : HHH000412: Hibernate ORM core version 6.6.39.Final
2026-08-19T10:27:03.420+05:30  INFO 14836 --- [ecommerce-rest-api] [restartedMain] o.h.c.internal.RegionFactoryInitiator    : HHH000026: Second-level cache disabled
2026-08-19T10:27:04.139+05:30  INFO 14836 --- [ecommerce-rest-api] [restartedMain] o.s.o.j.p.SpringPersistenceUnitInfo      : No LoadTimeWeaver setup: ignoring JPA class transformer
2026-08-19T10:27:04.219+05:30  INFO 14836 --- [ecommerce-rest-api] [restartedMain] com.zaxxer.hikari.HikariDataSource       : HikariPool-1 - Starting...
2026-08-19T10:27:04.595+05:30  INFO 14836 --- [ecommerce-rest-api] [restartedMain] com.zaxxer.hikari.pool.HikariPool        : HikariPool-1 - Added connection com.mysql.cj.jdbc.ConnectionImpl@7d857566
2026-08-19T10:27:04.599+05:30  INFO 14836 --- [ecommerce-rest-api] [restartedMain] com.zaxxer.hikari.HikariDataSource       : HikariPool-1 - Start completed.
2026-08-19T10:27:04.756+05:30  INFO 14836 --- [ecommerce-rest-api] [restartedMain] org.hibernate.orm.connections.pooling    : HHH10001005: Database info:
	Database JDBC URL [Connecting through datasource 'HikariDataSource (HikariPool-1)']
	Database driver: undefined/unknown
	Database version: 8.0.42
	Autocommit mode: undefined/unknown
	Isolation level: undefined/unknown
	Minimum pool size: undefined/unknown
	Maximum pool size: undefined/unknown
2026-08-19T10:27:07.263+05:30  INFO 14836 --- [ecommerce-rest-api] [restartedMain] o.h.e.t.j.p.i.JtaPlatformInitiator       : HHH000489: No JTA platform available (set 'hibernate.transaction.jta.platform' to enable JTA platform integration)
2026-08-19T10:27:07.698+05:30 ERROR 14836 --- [ecommerce-rest-api] [restartedMain] org.hibernate.orm.query                  : HHH90003001: Error in named query: Product.findActiveByCategoryNamed

org.hibernate.query.SemanticException: Could not interpret path expression 'com.example.ecommerce.entity.ProductStatus.ACTIVE'
	at org.hibernate.query.hql.internal.BasicDotIdentifierConsumer$BaseLocalSequencePart.resolvePathPart(BasicDotIdentifierConsumer.java:240) ~[hibernate-core-6.6.39.Final.jar:6.6.39.Final]
	at org.hibernate.query.hql.internal.BasicDotIdentifierConsumer.consumeIdentifier(BasicDotIdentifierConsumer.java:92) ~[hibernate-core-6.6.39.Final.jar:6.6.39.Final]
	at org.hibernate.query.hql.internal.SemanticQueryBuilder.visitSimplePath(SemanticQueryBuilder.java:5432) ~[hibernate-core-6.6.39.Final.jar:6.6.39.Final]
	at org.hibernate.query.hql.internal.SemanticQueryBuilder.visitGeneralPathFragment(SemanticQueryBuilder.java:5292) ~[hibernate-core-6.6.39.Final.jar:6.6.39.Final]
	at org.hibernate.query.hql.internal.SemanticQueryBuilder.visitGeneralPathExpression(SemanticQueryBuilder.java:1884) ~[hibernate-core-6.6.39.Final.jar:6.6.39.Final]
	at org.hibernate.grammars.hql.HqlParser$GeneralPathExpressionContext.accept(HqlParser.java:7882) ~[hibernate-core-6.6.39.Final.jar:6.6.39.Final]
	at org.antlr.v4.runtime.tree.AbstractParseTreeVisitor.visitChildren(AbstractParseTreeVisitor.java:46) ~[antlr4-runtime-4.13.0.jar:4.13.0]
	at org.hibernate.grammars.hql.HqlParserBaseVisitor.visitBarePrimaryExpression(HqlParserBaseVisitor.java:749) ~[hibernate-core-6.6.39.Final.jar:6.6.39.Final]
	at org.hibernate.grammars.hql.HqlParser$BarePrimaryExpressionContext.accept(HqlParser.java:7331) ~[hibernate-core-6.6.39.Final.jar:6.6.39.Final]
	at org.hibernate.query.hql.internal.SemanticQueryBuilder.createComparisonPredicate(SemanticQueryBuilder.java:2615) ~[hibernate-core-6.6.39.Final.jar:6.6.39.Final]
	at org.hibernate.query.hql.internal.SemanticQueryBuilder.visitBinaryExpressionPredicate(SemanticQueryBuilder.java:2566) ~[hibernate-core-6.6.39.Final.jar:6.6.39.Final]
	at org.hibernate.query.hql.internal.SemanticQueryBuilder.visitBinaryExpressionPredicate(SemanticQueryBuilder.java:278) ~[hibernate-core-6.6.39.Final.jar:6.6.39.Final]
	at org.hibernate.grammars.hql.HqlParser$BinaryExpressionPredicateContext.accept(HqlParser.java:6264) ~[hibernate-core-6.6.39.Final.jar:6.6.39.Final]
	at org.hibernate.query.hql.internal.SemanticQueryBuilder.visitAndPredicate(SemanticQueryBuilder.java:2400) ~[hibernate-core-6.6.39.Final.jar:6.6.39.Final]
	at org.hibernate.query.hql.internal.SemanticQueryBuilder.visitAndPredicate(SemanticQueryBuilder.java:278) ~[hibernate-core-6.6.39.Final.jar:6.6.39.Final]
	at org.hibernate.grammars.hql.HqlParser$AndPredicateContext.accept(HqlParser.java:6361) ~[hibernate-core-6.6.39.Final.jar:6.6.39.Final]
	at org.hibernate.query.hql.internal.SemanticQueryBuilder.visitWhereClause(SemanticQueryBuilder.java:2382) ~[hibernate-core-6.6.39.Final.jar:6.6.39.Final]
	at org.hibernate.query.hql.internal.SemanticQueryBuilder.visitWhereClause(SemanticQueryBuilder.java:278) ~[hibernate-core-6.6.39.Final.jar:6.6.39.Final]
	at org.hibernate.grammars.hql.HqlParser$WhereClauseContext.accept(HqlParser.java:6192) ~[hibernate-core-6.6.39.Final.jar:6.6.39.Final]
	at org.hibernate.query.hql.internal.SemanticQueryBuilder.visitQuery(SemanticQueryBuilder.java:1252) ~[hibernate-core-6.6.39.Final.jar:6.6.39.Final]
	at org.hibernate.query.hql.internal.SemanticQueryBuilder.visitQuerySpecExpression(SemanticQueryBuilder.java:1029) ~[hibernate-core-6.6.39.Final.jar:6.6.39.Final]
	at org.hibernate.query.hql.internal.SemanticQueryBuilder.visitQuerySpecExpression(SemanticQueryBuilder.java:278) ~[hibernate-core-6.6.39.Final.jar:6.6.39.Final]
	at org.hibernate.grammars.hql.HqlParser$QuerySpecExpressionContext.accept(HqlParser.java:2077) ~[hibernate-core-6.6.39.Final.jar:6.6.39.Final]
	at org.hibernate.query.hql.internal.SemanticQueryBuilder.visitQueryExpression(SemanticQueryBuilder.java:1063) ~[hibernate-core-6.6.39.Final.jar:6.6.39.Final]
	at org.hibernate.query.hql.internal.SemanticQueryBuilder.visitQueryExpression(SemanticQueryBuilder.java:278) ~[hibernate-core-6.6.39.Final.jar:6.6.39.Final]
	at org.hibernate.grammars.hql.HqlParser$QueryExpressionContext.accept(HqlParser.java:1973) ~[hibernate-core-6.6.39.Final.jar:6.6.39.Final]
	at org.hibernate.query.hql.internal.SemanticQueryBuilder.visitSelectStatement(SemanticQueryBuilder.java:493) ~[hibernate-core-6.6.39.Final.jar:6.6.39.Final]
	at org.hibernate.query.hql.internal.SemanticQueryBuilder.visitStatement(SemanticQueryBuilder.java:452) ~[hibernate-core-6.6.39.Final.jar:6.6.39.Final]
	at org.hibernate.query.hql.internal.SemanticQueryBuilder.buildSemanticModel(SemanticQueryBuilder.java:325) ~[hibernate-core-6.6.39.Final.jar:6.6.39.Final]
	at org.hibernate.query.hql.internal.StandardHqlTranslator.translate(StandardHqlTranslator.java:71) ~[hibernate-core-6.6.39.Final.jar:6.6.39.Final]
	at org.hibernate.query.internal.QueryInterpretationCacheStandardImpl.createHqlInterpretation(QueryInterpretationCacheStandardImpl.java:145) ~[hibernate-core-6.6.39.Final.jar:6.6.39.Final]
	at org.hibernate.query.internal.QueryInterpretationCacheStandardImpl.resolveHqlInterpretation(QueryInterpretationCacheStandardImpl.java:132) ~[hibernate-core-6.6.39.Final.jar:6.6.39.Final]
	at org.hibernate.query.internal.NamedObjectRepositoryImpl.checkNamedQueries(NamedObjectRepositoryImpl.java:249) ~[hibernate-core-6.6.39.Final.jar:6.6.39.Final]
	at org.hibernate.query.internal.NamedObjectRepositoryImpl.validateNamedQueries(NamedObjectRepositoryImpl.java:219) ~[hibernate-core-6.6.39.Final.jar:6.6.39.Final]
	at org.hibernate.query.internal.QueryEngineImpl.validateNamedQueries(QueryEngineImpl.java:215) ~[hibernate-core-6.6.39.Final.jar:6.6.39.Final]
	at org.hibernate.boot.internal.SessionFactoryObserverForNamedQueryValidation.sessionFactoryCreated(SessionFactoryObserverForNamedQueryValidation.java:39) ~[hibernate-core-6.6.39.Final.jar:6.6.39.Final]
	at org.hibernate.internal.SessionFactoryObserverChain.sessionFactoryCreated(SessionFactoryObserverChain.java:35) ~[hibernate-core-6.6.39.Final.jar:6.6.39.Final]
	at org.hibernate.internal.SessionFactoryImpl.<init>(SessionFactoryImpl.java:324) ~[hibernate-core-6.6.39.Final.jar:6.6.39.Final]
	at org.hibernate.boot.internal.SessionFactoryBuilderImpl.build(SessionFactoryBuilderImpl.java:463) ~[hibernate-core-6.6.39.Final.jar:6.6.39.Final]
	at org.hibernate.jpa.boot.internal.EntityManagerFactoryBuilderImpl.build(EntityManagerFactoryBuilderImpl.java:1517) ~[hibernate-core-6.6.39.Final.jar:6.6.39.Final]
	at org.springframework.orm.jpa.vendor.SpringHibernateJpaPersistenceProvider.createContainerEntityManagerFactory(SpringHibernateJpaPersistenceProvider.java:66) ~[spring-orm-6.2.15.jar:6.2.15]
	at org.springframework.orm.jpa.LocalContainerEntityManagerFactoryBean.createNativeEntityManagerFactory(LocalContainerEntityManagerFactoryBean.java:390) ~[spring-orm-6.2.15.jar:6.2.15]
	at org.springframework.orm.jpa.AbstractEntityManagerFactoryBean.buildNativeEntityManagerFactory(AbstractEntityManagerFactoryBean.java:419) ~[spring-orm-6.2.15.jar:6.2.15]
	at org.springframework.orm.jpa.AbstractEntityManagerFactoryBean.afterPropertiesSet(AbstractEntityManagerFactoryBean.java:400) ~[spring-orm-6.2.15.jar:6.2.15]
	at org.springframework.orm.jpa.LocalContainerEntityManagerFactoryBean.afterPropertiesSet(LocalContainerEntityManagerFactoryBean.java:366) ~[spring-orm-6.2.15.jar:6.2.15]
	at org.springframework.beans.factory.support.AbstractAutowireCapableBeanFactory.invokeInitMethods(AbstractAutowireCapableBeanFactory.java:1873) ~[spring-beans-6.2.15.jar:6.2.15]
	at org.springframework.beans.factory.support.AbstractAutowireCapableBeanFactory.initializeBean(AbstractAutowireCapableBeanFactory.java:1822) ~[spring-beans-6.2.15.jar:6.2.15]
	at org.springframework.beans.factory.support.AbstractAutowireCapableBeanFactory.doCreateBean(AbstractAutowireCapableBeanFactory.java:607) ~[spring-beans-6.2.15.jar:6.2.15]
	at org.springframework.beans.factory.support.AbstractAutowireCapableBeanFactory.createBean(AbstractAutowireCapableBeanFactory.java:529) ~[spring-beans-6.2.15.jar:6.2.15]
	at org.springframework.beans.factory.support.AbstractBeanFactory.lambda$doGetBean$0(AbstractBeanFactory.java:339) ~[spring-beans-6.2.15.jar:6.2.15]
	at org.springframework.beans.factory.support.DefaultSingletonBeanRegistry.getSingleton(DefaultSingletonBeanRegistry.java:373) ~[spring-beans-6.2.15.jar:6.2.15]
	at org.springframework.beans.factory.support.AbstractBeanFactory.doGetBean(AbstractBeanFactory.java:337) ~[spring-beans-6.2.15.jar:6.2.15]
	at org.springframework.beans.factory.support.AbstractBeanFactory.getBean(AbstractBeanFactory.java:207) ~[spring-beans-6.2.15.jar:6.2.15]
	at org.springframework.context.support.AbstractApplicationContext.finishBeanFactoryInitialization(AbstractApplicationContext.java:973) ~[spring-context-6.2.15.jar:6.2.15]
	at org.springframework.context.support.AbstractApplicationContext.refresh(AbstractApplicationContext.java:627) ~[spring-context-6.2.15.jar:6.2.15]
	at org.springframework.boot.web.servlet.context.ServletWebServerApplicationContext.refresh(ServletWebServerApplicationContext.java:146) ~[spring-boot-3.4.13.jar:3.4.13]
	at org.springframework.boot.SpringApplication.refresh(SpringApplication.java:752) ~[spring-boot-3.4.13.jar:3.4.13]
	at org.springframework.boot.SpringApplication.refreshContext(SpringApplication.java:439) ~[spring-boot-3.4.13.jar:3.4.13]
	at org.springframework.boot.SpringApplication.run(SpringApplication.java:318) ~[spring-boot-3.4.13.jar:3.4.13]
	at org.springframework.boot.SpringApplication.run(SpringApplication.java:1361) ~[spring-boot-3.4.13.jar:3.4.13]
	at org.springframework.boot.SpringApplication.run(SpringApplication.java:1350) ~[spring-boot-3.4.13.jar:3.4.13]
	at com.example.ecommerce.EcommerceApplication.main(EcommerceApplication.java:12) ~[classes/:na]
	at java.base/jdk.internal.reflect.DirectMethodHandleAccessor.invoke(DirectMethodHandleAccessor.java:104) ~[na:na]
	at java.base/java.lang.reflect.Method.invoke(Method.java:565) ~[na:na]
	at org.springframework.boot.devtools.restart.RestartLauncher.run(RestartLauncher.java:50) ~[spring-boot-devtools-3.4.13.jar:3.4.13]

2026-08-19T10:27:07.720+05:30 ERROR 14836 --- [ecommerce-rest-api] [restartedMain] j.LocalContainerEntityManagerFactoryBean : Failed to initialize JPA EntityManagerFactory: [PersistenceUnit: default] Unable to build Hibernate SessionFactory; nested exception is org.hibernate.query.NamedQueryValidationException: Errors in named queries: 
  [1] Error in query named 'Product.findActiveByCategoryNamed': Could not interpret path expression 'com.example.ecommerce.entity.ProductStatus.ACTIVE'
2026-08-19T10:27:07.722+05:30  WARN 14836 --- [ecommerce-rest-api] [restartedMain] ConfigServletWebServerApplicationContext : Exception encountered during context initialization - cancelling refresh attempt: org.springframework.beans.factory.BeanCreationException: Error creating bean with name 'entityManagerFactory' defined in class path resource [org/springframework/boot/autoconfigure/orm/jpa/HibernateJpaConfiguration.class]: [PersistenceUnit: default] Unable to build Hibernate SessionFactory; nested exception is org.hibernate.query.NamedQueryValidationException: Errors in named queries: 
  [1] Error in query named 'Product.findActiveByCategoryNamed': Could not interpret path expression 'com.example.ecommerce.entity.ProductStatus.ACTIVE'
2026-08-19T10:27:07.727+05:30  INFO 14836 --- [ecommerce-rest-api] [restartedMain] com.zaxxer.hikari.HikariDataSource       : HikariPool-1 - Shutdown initiated...
2026-08-19T10:27:07.747+05:30  INFO 14836 --- [ecommerce-rest-api] [restartedMain] com.zaxxer.hikari.HikariDataSource       : HikariPool-1 - Shutdown completed.
2026-08-19T10:27:07.755+05:30  INFO 14836 --- [ecommerce-rest-api] [restartedMain] o.apache.catalina.core.StandardService   : Stopping service [Tomcat]
2026-08-19T10:27:07.799+05:30  INFO 14836 --- [ecommerce-rest-api] [restartedMain] .s.b.a.l.ConditionEvaluationReportLogger : 

Error starting ApplicationContext. To display the condition evaluation report re-run your application with 'debug' enabled.
2026-08-19T10:27:07.858+05:30 ERROR 14836 --- [ecommerce-rest-api] [restartedMain] o.s.boot.SpringApplication               : Application run failed

org.springframework.beans.factory.BeanCreationException: Error creating bean with name 'entityManagerFactory' defined in class path resource [org/springframework/boot/autoconfigure/orm/jpa/HibernateJpaConfiguration.class]: [PersistenceUnit: default] Unable to build Hibernate SessionFactory; nested exception is org.hibernate.query.NamedQueryValidationException: Errors in named queries: 
  [1] Error in query named 'Product.findActiveByCategoryNamed': Could not interpret path expression 'com.example.ecommerce.entity.ProductStatus.ACTIVE'
	at org.springframework.beans.factory.support.AbstractAutowireCapableBeanFactory.initializeBean(AbstractAutowireCapableBeanFactory.java:1826) ~[spring-beans-6.2.15.jar:6.2.15]
	at org.springframework.beans.factory.support.AbstractAutowireCapableBeanFactory.doCreateBean(AbstractAutowireCapableBeanFactory.java:607) ~[spring-beans-6.2.15.jar:6.2.15]
	at org.springframework.beans.factory.support.AbstractAutowireCapableBeanFactory.createBean(AbstractAutowireCapableBeanFactory.java:529) ~[spring-beans-6.2.15.jar:6.2.15]
	at org.springframework.beans.factory.support.AbstractBeanFactory.lambda$doGetBean$0(AbstractBeanFactory.java:339) ~[spring-beans-6.2.15.jar:6.2.15]
	at org.springframework.beans.factory.support.DefaultSingletonBeanRegistry.getSingleton(DefaultSingletonBeanRegistry.java:373) ~[spring-beans-6.2.15.jar:6.2.15]
	at org.springframework.beans.factory.support.AbstractBeanFactory.doGetBean(AbstractBeanFactory.java:337) ~[spring-beans-6.2.15.jar:6.2.15]
	at org.springframework.beans.factory.support.AbstractBeanFactory.getBean(AbstractBeanFactory.java:207) ~[spring-beans-6.2.15.jar:6.2.15]
	at org.springframework.context.support.AbstractApplicationContext.finishBeanFactoryInitialization(AbstractApplicationContext.java:973) ~[spring-context-6.2.15.jar:6.2.15]
	at org.springframework.context.support.AbstractApplicationContext.refresh(AbstractApplicationContext.java:627) ~[spring-context-6.2.15.jar:6.2.15]
	at org.springframework.boot.web.servlet.context.ServletWebServerApplicationContext.refresh(ServletWebServerApplicationContext.java:146) ~[spring-boot-3.4.13.jar:3.4.13]
	at org.springframework.boot.SpringApplication.refresh(SpringApplication.java:752) ~[spring-boot-3.4.13.jar:3.4.13]
	at org.springframework.boot.SpringApplication.refreshContext(SpringApplication.java:439) ~[spring-boot-3.4.13.jar:3.4.13]
	at org.springframework.boot.SpringApplication.run(SpringApplication.java:318) ~[spring-boot-3.4.13.jar:3.4.13]
	at org.springframework.boot.SpringApplication.run(SpringApplication.java:1361) ~[spring-boot-3.4.13.jar:3.4.13]
	at org.springframework.boot.SpringApplication.run(SpringApplication.java:1350) ~[spring-boot-3.4.13.jar:3.4.13]
	at com.example.ecommerce.EcommerceApplication.main(EcommerceApplication.java:12) ~[classes/:na]
	at java.base/jdk.internal.reflect.DirectMethodHandleAccessor.invoke(DirectMethodHandleAccessor.java:104) ~[na:na]
	at java.base/java.lang.reflect.Method.invoke(Method.java:565) ~[na:na]
	at org.springframework.boot.devtools.restart.RestartLauncher.run(RestartLauncher.java:50) ~[spring-boot-devtools-3.4.13.jar:3.4.13]
Caused by: jakarta.persistence.PersistenceException: [PersistenceUnit: default] Unable to build Hibernate SessionFactory; nested exception is org.hibernate.query.NamedQueryValidationException: Errors in named queries: 
  [1] Error in query named 'Product.findActiveByCategoryNamed': Could not interpret path expression 'com.example.ecommerce.entity.ProductStatus.ACTIVE'
	at org.springframework.orm.jpa.AbstractEntityManagerFactoryBean.buildNativeEntityManagerFactory(AbstractEntityManagerFactoryBean.java:431) ~[spring-orm-6.2.15.jar:6.2.15]
	at org.springframework.orm.jpa.AbstractEntityManagerFactoryBean.afterPropertiesSet(AbstractEntityManagerFactoryBean.java:400) ~[spring-orm-6.2.15.jar:6.2.15]
	at org.springframework.orm.jpa.LocalContainerEntityManagerFactoryBean.afterPropertiesSet(LocalContainerEntityManagerFactoryBean.java:366) ~[spring-orm-6.2.15.jar:6.2.15]
	at org.springframework.beans.factory.support.AbstractAutowireCapableBeanFactory.invokeInitMethods(AbstractAutowireCapableBeanFactory.java:1873) ~[spring-beans-6.2.15.jar:6.2.15]
	at org.springframework.beans.factory.support.AbstractAutowireCapableBeanFactory.initializeBean(AbstractAutowireCapableBeanFactory.java:1822) ~[spring-beans-6.2.15.jar:6.2.15]
	... 18 common frames omitted
Caused by: org.hibernate.query.NamedQueryValidationException: Errors in named queries: 
  [1] Error in query named 'Product.findActiveByCategoryNamed': Could not interpret path expression 'com.example.ecommerce.entity.ProductStatus.ACTIVE'
	at org.hibernate.query.internal.NamedObjectRepositoryImpl.validateNamedQueries(NamedObjectRepositoryImpl.java:230) ~[hibernate-core-6.6.39.Final.jar:6.6.39.Final]
	at org.hibernate.query.internal.QueryEngineImpl.validateNamedQueries(QueryEngineImpl.java:215) ~[hibernate-core-6.6.39.Final.jar:6.6.39.Final]
	at org.hibernate.boot.internal.SessionFactoryObserverForNamedQueryValidation.sessionFactoryCreated(SessionFactoryObserverForNamedQueryValidation.java:39) ~[hibernate-core-6.6.39.Final.jar:6.6.39.Final]
	at org.hibernate.internal.SessionFactoryObserverChain.sessionFactoryCreated(SessionFactoryObserverChain.java:35) ~[hibernate-core-6.6.39.Final.jar:6.6.39.Final]
	at org.hibernate.internal.SessionFactoryImpl.<init>(SessionFactoryImpl.java:324) ~[hibernate-core-6.6.39.Final.jar:6.6.39.Final]
	at org.hibernate.boot.internal.SessionFactoryBuilderImpl.build(SessionFactoryBuilderImpl.java:463) ~[hibernate-core-6.6.39.Final.jar:6.6.39.Final]
	at org.hibernate.jpa.boot.internal.EntityManagerFactoryBuilderImpl.build(EntityManagerFactoryBuilderImpl.java:1517) ~[hibernate-core-6.6.39.Final.jar:6.6.39.Final]
	at org.springframework.orm.jpa.vendor.SpringHibernateJpaPersistenceProvider.createContainerEntityManagerFactory(SpringHibernateJpaPersistenceProvider.java:66) ~[spring-orm-6.2.15.jar:6.2.15]
	at org.springframework.orm.jpa.LocalContainerEntityManagerFactoryBean.createNativeEntityManagerFactory(LocalContainerEntityManagerFactoryBean.java:390) ~[spring-orm-6.2.15.jar:6.2.15]
	at org.springframework.orm.jpa.AbstractEntityManagerFactoryBean.buildNativeEntityManagerFactory(AbstractEntityManagerFactoryBean.java:419) ~[spring-orm-6.2.15.jar:6.2.15]
	... 22 common frames omitted
	Suppressed: org.hibernate.query.SemanticException: Could not interpret path expression 'com.example.ecommerce.entity.ProductStatus.ACTIVE'
		at org.hibernate.query.hql.internal.BasicDotIdentifierConsumer$BaseLocalSequencePart.resolvePathPart(BasicDotIdentifierConsumer.java:240) ~[hibernate-core-6.6.39.Final.jar:6.6.39.Final]
		at org.hibernate.query.hql.internal.BasicDotIdentifierConsumer.consumeIdentifier(BasicDotIdentifierConsumer.java:92) ~[hibernate-core-6.6.39.Final.jar:6.6.39.Final]
		at org.hibernate.query.hql.internal.SemanticQueryBuilder.visitSimplePath(SemanticQueryBuilder.java:5432) ~[hibernate-core-6.6.39.Final.jar:6.6.39.Final]
		at org.hibernate.query.hql.internal.SemanticQueryBuilder.visitGeneralPathFragment(SemanticQueryBuilder.java:5292) ~[hibernate-core-6.6.39.Final.jar:6.6.39.Final]
		at org.hibernate.query.hql.internal.SemanticQueryBuilder.visitGeneralPathExpression(SemanticQueryBuilder.java:1884) ~[hibernate-core-6.6.39.Final.jar:6.6.39.Final]
		at org.hibernate.grammars.hql.HqlParser$GeneralPathExpressionContext.accept(HqlParser.java:7882) ~[hibernate-core-6.6.39.Final.jar:6.6.39.Final]
		at org.antlr.v4.runtime.tree.AbstractParseTreeVisitor.visitChildren(AbstractParseTreeVisitor.java:46) ~[antlr4-runtime-4.13.0.jar:4.13.0]
		at org.hibernate.grammars.hql.HqlParserBaseVisitor.visitBarePrimaryExpression(HqlParserBaseVisitor.java:749) ~[hibernate-core-6.6.39.Final.jar:6.6.39.Final]
		at org.hibernate.grammars.hql.HqlParser$BarePrimaryExpressionContext.accept(HqlParser.java:7331) ~[hibernate-core-6.6.39.Final.jar:6.6.39.Final]
		at org.hibernate.query.hql.internal.SemanticQueryBuilder.createComparisonPredicate(SemanticQueryBuilder.java:2615) ~[hibernate-core-6.6.39.Final.jar:6.6.39.Final]
		at org.hibernate.query.hql.internal.SemanticQueryBuilder.visitBinaryExpressionPredicate(SemanticQueryBuilder.java:2566) ~[hibernate-core-6.6.39.Final.jar:6.6.39.Final]
		at org.hibernate.query.hql.internal.SemanticQueryBuilder.visitBinaryExpressionPredicate(SemanticQueryBuilder.java:278) ~[hibernate-core-6.6.39.Final.jar:6.6.39.Final]
		at org.hibernate.grammars.hql.HqlParser$BinaryExpressionPredicateContext.accept(HqlParser.java:6264) ~[hibernate-core-6.6.39.Final.jar:6.6.39.Final]
		at org.hibernate.query.hql.internal.SemanticQueryBuilder.visitAndPredicate(SemanticQueryBuilder.java:2400) ~[hibernate-core-6.6.39.Final.jar:6.6.39.Final]
		at org.hibernate.query.hql.internal.SemanticQueryBuilder.visitAndPredicate(SemanticQueryBuilder.java:278) ~[hibernate-core-6.6.39.Final.jar:6.6.39.Final]
		at org.hibernate.grammars.hql.HqlParser$AndPredicateContext.accept(HqlParser.java:6361) ~[hibernate-core-6.6.39.Final.jar:6.6.39.Final]
		at org.hibernate.query.hql.internal.SemanticQueryBuilder.visitWhereClause(SemanticQueryBuilder.java:2382) ~[hibernate-core-6.6.39.Final.jar:6.6.39.Final]
		at org.hibernate.query.hql.internal.SemanticQueryBuilder.visitWhereClause(SemanticQueryBuilder.java:278) ~[hibernate-core-6.6.39.Final.jar:6.6.39.Final]
		at org.hibernate.grammars.hql.HqlParser$WhereClauseContext.accept(HqlParser.java:6192) ~[hibernate-core-6.6.39.Final.jar:6.6.39.Final]
		at org.hibernate.query.hql.internal.SemanticQueryBuilder.visitQuery(SemanticQueryBuilder.java:1252) ~[hibernate-core-6.6.39.Final.jar:6.6.39.Final]
		at org.hibernate.query.hql.internal.SemanticQueryBuilder.visitQuerySpecExpression(SemanticQueryBuilder.java:1029) ~[hibernate-core-6.6.39.Final.jar:6.6.39.Final]
		at org.hibernate.query.hql.internal.SemanticQueryBuilder.visitQuerySpecExpression(SemanticQueryBuilder.java:278) ~[hibernate-core-6.6.39.Final.jar:6.6.39.Final]
		at org.hibernate.grammars.hql.HqlParser$QuerySpecExpressionContext.accept(HqlParser.java:2077) ~[hibernate-core-6.6.39.Final.jar:6.6.39.Final]
		at org.hibernate.query.hql.internal.SemanticQueryBuilder.visitQueryExpression(SemanticQueryBuilder.java:1063) ~[hibernate-core-6.6.39.Final.jar:6.6.39.Final]
		at org.hibernate.query.hql.internal.SemanticQueryBuilder.visitQueryExpression(SemanticQueryBuilder.java:278) ~[hibernate-core-6.6.39.Final.jar:6.6.39.Final]
		at org.hibernate.grammars.hql.HqlParser$QueryExpressionContext.accept(HqlParser.java:1973) ~[hibernate-core-6.6.39.Final.jar:6.6.39.Final]
		at org.hibernate.query.hql.internal.SemanticQueryBuilder.visitSelectStatement(SemanticQueryBuilder.java:493) ~[hibernate-core-6.6.39.Final.jar:6.6.39.Final]
		at org.hibernate.query.hql.internal.SemanticQueryBuilder.visitStatement(SemanticQueryBuilder.java:452) ~[hibernate-core-6.6.39.Final.jar:6.6.39.Final]
		at org.hibernate.query.hql.internal.SemanticQueryBuilder.buildSemanticModel(SemanticQueryBuilder.java:325) ~[hibernate-core-6.6.39.Final.jar:6.6.39.Final]
		at org.hibernate.query.hql.internal.StandardHqlTranslator.translate(StandardHqlTranslator.java:71) ~[hibernate-core-6.6.39.Final.jar:6.6.39.Final]
		at org.hibernate.query.internal.QueryInterpretationCacheStandardImpl.createHqlInterpretation(QueryInterpretationCacheStandardImpl.java:145) ~[hibernate-core-6.6.39.Final.jar:6.6.39.Final]
		at org.hibernate.query.internal.QueryInterpretationCacheStandardImpl.resolveHqlInterpretation(QueryInterpretationCacheStandardImpl.java:132) ~[hibernate-core-6.6.39.Final.jar:6.6.39.Final]
		at org.hibernate.query.internal.NamedObjectRepositoryImpl.checkNamedQueries(NamedObjectRepositoryImpl.java:249) ~[hibernate-core-6.6.39.Final.jar:6.6.39.Final]
		at org.hibernate.query.internal.NamedObjectRepositoryImpl.validateNamedQueries(NamedObjectRepositoryImpl.java:219) ~[hibernate-core-6.6.39.Final.jar:6.6.39.Final]
		... 31 common frames omitted

2026-08-19T10:27:09.977+05:30  INFO 13984 --- [ecommerce-rest-api] [restartedMain] c.e.ecommerce.EcommerceApplication       : Starting EcommerceApplication using Java 25 with PID 13984 (C:\Users\Admin\OneDrive\Desktop\Java Traingin stackly\Springboot_Projects\ecommerce-rest-api\ecommerce-rest-api\target\classes started by Admin in C:\Users\Admin\OneDrive\Desktop\Java Traingin stackly\Springboot_Projects\ecommerce-rest-api)
2026-08-19T10:27:09.980+05:30 DEBUG 13984 --- [ecommerce-rest-api] [restartedMain] c.e.ecommerce.EcommerceApplication       : Running with Spring Boot v3.4.13, Spring v6.2.15
2026-08-19T10:27:09.981+05:30  INFO 13984 --- [ecommerce-rest-api] [restartedMain] c.e.ecommerce.EcommerceApplication       : No active profile set, falling back to 1 default profile: "default"
2026-08-19T10:27:10.063+05:30  INFO 13984 --- [ecommerce-rest-api] [restartedMain] .e.DevToolsPropertyDefaultsPostProcessor : Devtools property defaults active! Set 'spring.devtools.add-properties' to 'false' to disable
2026-08-19T10:27:10.063+05:30  INFO 13984 --- [ecommerce-rest-api] [restartedMain] .e.DevToolsPropertyDefaultsPostProcessor : For additional web related logging consider setting the 'logging.level.web' property to 'DEBUG'
2026-08-19T10:27:12.158+05:30  INFO 13984 --- [ecommerce-rest-api] [restartedMain] .s.d.r.c.RepositoryConfigurationDelegate : Bootstrapping Spring Data JPA repositories in DEFAULT mode.
2026-08-19T10:27:12.311+05:30  INFO 13984 --- [ecommerce-rest-api] [restartedMain] .s.d.r.c.RepositoryConfigurationDelegate : Finished Spring Data repository scanning in 138 ms. Found 7 JPA repository interfaces.
2026-08-19T10:27:13.581+05:30  INFO 13984 --- [ecommerce-rest-api] [restartedMain] o.s.b.w.embedded.tomcat.TomcatWebServer  : Tomcat initialized with port 8080 (http)
2026-08-19T10:27:13.608+05:30  INFO 13984 --- [ecommerce-rest-api] [restartedMain] o.apache.catalina.core.StandardService   : Starting service [Tomcat]
2026-08-19T10:27:13.609+05:30  INFO 13984 --- [ecommerce-rest-api] [restartedMain] o.apache.catalina.core.StandardEngine    : Starting Servlet engine: [Apache Tomcat/10.1.50]
2026-08-19T10:27:13.730+05:30  INFO 13984 --- [ecommerce-rest-api] [restartedMain] o.a.c.c.C.[Tomcat].[localhost].[/]       : Initializing Spring embedded WebApplicationContext
2026-08-19T10:27:13.731+05:30  INFO 13984 --- [ecommerce-rest-api] [restartedMain] w.s.c.ServletWebServerApplicationContext : Root WebApplicationContext: initialization completed in 3667 ms
2026-08-19T10:27:14.276+05:30  INFO 13984 --- [ecommerce-rest-api] [restartedMain] o.hibernate.jpa.internal.util.LogHelper  : HHH000204: Processing PersistenceUnitInfo [name: default]
2026-08-19T10:27:14.370+05:30  INFO 13984 --- [ecommerce-rest-api] [restartedMain] org.hibernate.Version                    : HHH000412: Hibernate ORM core version 6.6.39.Final
2026-08-19T10:27:14.425+05:30  INFO 13984 --- [ecommerce-rest-api] [restartedMain] o.h.c.internal.RegionFactoryInitiator    : HHH000026: Second-level cache disabled
2026-08-19T10:27:14.896+05:30  INFO 13984 --- [ecommerce-rest-api] [restartedMain] o.s.o.j.p.SpringPersistenceUnitInfo      : No LoadTimeWeaver setup: ignoring JPA class transformer
2026-08-19T10:27:14.946+05:30  INFO 13984 --- [ecommerce-rest-api] [restartedMain] com.zaxxer.hikari.HikariDataSource       : HikariPool-1 - Starting...
2026-08-19T10:27:15.223+05:30  INFO 13984 --- [ecommerce-rest-api] [restartedMain] com.zaxxer.hikari.pool.HikariPool        : HikariPool-1 - Added connection com.mysql.cj.jdbc.ConnectionImpl@7a04371f
2026-08-19T10:27:15.227+05:30  INFO 13984 --- [ecommerce-rest-api] [restartedMain] com.zaxxer.hikari.HikariDataSource       : HikariPool-1 - Start completed.
2026-08-19T10:27:15.248+05:30  INFO 19924 --- [ecommerce-rest-api] [restartedMain] c.e.ecommerce.EcommerceApplication       : Starting EcommerceApplication using Java 25 with PID 19924 (C:\Users\Admin\OneDrive\Desktop\Java Traingin stackly\Springboot_Projects\ecommerce-rest-api\ecommerce-rest-api\target\classes started by Admin in C:\Users\Admin\OneDrive\Desktop\Java Traingin stackly\Springboot_Projects\ecommerce-rest-api)
2026-08-19T10:27:15.251+05:30 DEBUG 19924 --- [ecommerce-rest-api] [restartedMain] c.e.ecommerce.EcommerceApplication       : Running with Spring Boot v3.4.13, Spring v6.2.15
2026-08-19T10:27:15.252+05:30  INFO 19924 --- [ecommerce-rest-api] [restartedMain] c.e.ecommerce.EcommerceApplication       : No active profile set, falling back to 1 default profile: "default"
2026-08-19T10:27:15.338+05:30  INFO 19924 --- [ecommerce-rest-api] [restartedMain] .e.DevToolsPropertyDefaultsPostProcessor : Devtools property defaults active! Set 'spring.devtools.add-properties' to 'false' to disable
2026-08-19T10:27:15.338+05:30  INFO 19924 --- [ecommerce-rest-api] [restartedMain] .e.DevToolsPropertyDefaultsPostProcessor : For additional web related logging consider setting the 'logging.level.web' property to 'DEBUG'
2026-08-19T10:27:15.378+05:30  INFO 13984 --- [ecommerce-rest-api] [restartedMain] org.hibernate.orm.connections.pooling    : HHH10001005: Database info:
	Database JDBC URL [Connecting through datasource 'HikariDataSource (HikariPool-1)']
	Database driver: undefined/unknown
	Database version: 8.0.42
	Autocommit mode: undefined/unknown
	Isolation level: undefined/unknown
	Minimum pool size: undefined/unknown
	Maximum pool size: undefined/unknown
2026-08-19T10:27:17.426+05:30  INFO 19924 --- [ecommerce-rest-api] [restartedMain] .s.d.r.c.RepositoryConfigurationDelegate : Bootstrapping Spring Data JPA repositories in DEFAULT mode.
2026-08-19T10:27:17.432+05:30  INFO 13984 --- [ecommerce-rest-api] [restartedMain] o.h.e.t.j.p.i.JtaPlatformInitiator       : HHH000489: No JTA platform available (set 'hibernate.transaction.jta.platform' to enable JTA platform integration)
2026-08-19T10:27:17.582+05:30  INFO 19924 --- [ecommerce-rest-api] [restartedMain] .s.d.r.c.RepositoryConfigurationDelegate : Finished Spring Data repository scanning in 141 ms. Found 7 JPA repository interfaces.
2026-08-19T10:27:17.808+05:30 ERROR 13984 --- [ecommerce-rest-api] [restartedMain] org.hibernate.orm.query                  : HHH90003001: Error in named query: Product.findActiveByCategoryNamed

org.hibernate.query.SemanticException: Could not interpret path expression 'com.example.ecommerce.entity.ProductStatus.ACTIVE'
	at org.hibernate.query.hql.internal.BasicDotIdentifierConsumer$BaseLocalSequencePart.resolvePathPart(BasicDotIdentifierConsumer.java:240) ~[hibernate-core-6.6.39.Final.jar:6.6.39.Final]
	at org.hibernate.query.hql.internal.BasicDotIdentifierConsumer.consumeIdentifier(BasicDotIdentifierConsumer.java:92) ~[hibernate-core-6.6.39.Final.jar:6.6.39.Final]
	at org.hibernate.query.hql.internal.SemanticQueryBuilder.visitSimplePath(SemanticQueryBuilder.java:5432) ~[hibernate-core-6.6.39.Final.jar:6.6.39.Final]
	at org.hibernate.query.hql.internal.SemanticQueryBuilder.visitGeneralPathFragment(SemanticQueryBuilder.java:5292) ~[hibernate-core-6.6.39.Final.jar:6.6.39.Final]
	at org.hibernate.query.hql.internal.SemanticQueryBuilder.visitGeneralPathExpression(SemanticQueryBuilder.java:1884) ~[hibernate-core-6.6.39.Final.jar:6.6.39.Final]
	at org.hibernate.grammars.hql.HqlParser$GeneralPathExpressionContext.accept(HqlParser.java:7882) ~[hibernate-core-6.6.39.Final.jar:6.6.39.Final]
	at org.antlr.v4.runtime.tree.AbstractParseTreeVisitor.visitChildren(AbstractParseTreeVisitor.java:46) ~[antlr4-runtime-4.13.0.jar:4.13.0]
	at org.hibernate.grammars.hql.HqlParserBaseVisitor.visitBarePrimaryExpression(HqlParserBaseVisitor.java:749) ~[hibernate-core-6.6.39.Final.jar:6.6.39.Final]
	at org.hibernate.grammars.hql.HqlParser$BarePrimaryExpressionContext.accept(HqlParser.java:7331) ~[hibernate-core-6.6.39.Final.jar:6.6.39.Final]
	at org.hibernate.query.hql.internal.SemanticQueryBuilder.createComparisonPredicate(SemanticQueryBuilder.java:2615) ~[hibernate-core-6.6.39.Final.jar:6.6.39.Final]
	at org.hibernate.query.hql.internal.SemanticQueryBuilder.visitBinaryExpressionPredicate(SemanticQueryBuilder.java:2566) ~[hibernate-core-6.6.39.Final.jar:6.6.39.Final]
	at org.hibernate.query.hql.internal.SemanticQueryBuilder.visitBinaryExpressionPredicate(SemanticQueryBuilder.java:278) ~[hibernate-core-6.6.39.Final.jar:6.6.39.Final]
	at org.hibernate.grammars.hql.HqlParser$BinaryExpressionPredicateContext.accept(HqlParser.java:6264) ~[hibernate-core-6.6.39.Final.jar:6.6.39.Final]
	at org.hibernate.query.hql.internal.SemanticQueryBuilder.visitAndPredicate(SemanticQueryBuilder.java:2400) ~[hibernate-core-6.6.39.Final.jar:6.6.39.Final]
	at org.hibernate.query.hql.internal.SemanticQueryBuilder.visitAndPredicate(SemanticQueryBuilder.java:278) ~[hibernate-core-6.6.39.Final.jar:6.6.39.Final]
	at org.hibernate.grammars.hql.HqlParser$AndPredicateContext.accept(HqlParser.java:6361) ~[hibernate-core-6.6.39.Final.jar:6.6.39.Final]
	at org.hibernate.query.hql.internal.SemanticQueryBuilder.visitWhereClause(SemanticQueryBuilder.java:2382) ~[hibernate-core-6.6.39.Final.jar:6.6.39.Final]
	at org.hibernate.query.hql.internal.SemanticQueryBuilder.visitWhereClause(SemanticQueryBuilder.java:278) ~[hibernate-core-6.6.39.Final.jar:6.6.39.Final]
	at org.hibernate.grammars.hql.HqlParser$WhereClauseContext.accept(HqlParser.java:6192) ~[hibernate-core-6.6.39.Final.jar:6.6.39.Final]
	at org.hibernate.query.hql.internal.SemanticQueryBuilder.visitQuery(SemanticQueryBuilder.java:1252) ~[hibernate-core-6.6.39.Final.jar:6.6.39.Final]
	at org.hibernate.query.hql.internal.SemanticQueryBuilder.visitQuerySpecExpression(SemanticQueryBuilder.java:1029) ~[hibernate-core-6.6.39.Final.jar:6.6.39.Final]
	at org.hibernate.query.hql.internal.SemanticQueryBuilder.visitQuerySpecExpression(SemanticQueryBuilder.java:278) ~[hibernate-core-6.6.39.Final.jar:6.6.39.Final]
	at org.hibernate.grammars.hql.HqlParser$QuerySpecExpressionContext.accept(HqlParser.java:2077) ~[hibernate-core-6.6.39.Final.jar:6.6.39.Final]
	at org.hibernate.query.hql.internal.SemanticQueryBuilder.visitQueryExpression(SemanticQueryBuilder.java:1063) ~[hibernate-core-6.6.39.Final.jar:6.6.39.Final]
	at org.hibernate.query.hql.internal.SemanticQueryBuilder.visitQueryExpression(SemanticQueryBuilder.java:278) ~[hibernate-core-6.6.39.Final.jar:6.6.39.Final]
	at org.hibernate.grammars.hql.HqlParser$QueryExpressionContext.accept(HqlParser.java:1973) ~[hibernate-core-6.6.39.Final.jar:6.6.39.Final]
	at org.hibernate.query.hql.internal.SemanticQueryBuilder.visitSelectStatement(SemanticQueryBuilder.java:493) ~[hibernate-core-6.6.39.Final.jar:6.6.39.Final]
	at org.hibernate.query.hql.internal.SemanticQueryBuilder.visitStatement(SemanticQueryBuilder.java:452) ~[hibernate-core-6.6.39.Final.jar:6.6.39.Final]
	at org.hibernate.query.hql.internal.SemanticQueryBuilder.buildSemanticModel(SemanticQueryBuilder.java:325) ~[hibernate-core-6.6.39.Final.jar:6.6.39.Final]
	at org.hibernate.query.hql.internal.StandardHqlTranslator.translate(StandardHqlTranslator.java:71) ~[hibernate-core-6.6.39.Final.jar:6.6.39.Final]
	at org.hibernate.query.internal.QueryInterpretationCacheStandardImpl.createHqlInterpretation(QueryInterpretationCacheStandardImpl.java:145) ~[hibernate-core-6.6.39.Final.jar:6.6.39.Final]
	at org.hibernate.query.internal.QueryInterpretationCacheStandardImpl.resolveHqlInterpretation(QueryInterpretationCacheStandardImpl.java:132) ~[hibernate-core-6.6.39.Final.jar:6.6.39.Final]
	at org.hibernate.query.internal.NamedObjectRepositoryImpl.checkNamedQueries(NamedObjectRepositoryImpl.java:249) ~[hibernate-core-6.6.39.Final.jar:6.6.39.Final]
	at org.hibernate.query.internal.NamedObjectRepositoryImpl.validateNamedQueries(NamedObjectRepositoryImpl.java:219) ~[hibernate-core-6.6.39.Final.jar:6.6.39.Final]
	at org.hibernate.query.internal.QueryEngineImpl.validateNamedQueries(QueryEngineImpl.java:215) ~[hibernate-core-6.6.39.Final.jar:6.6.39.Final]
	at org.hibernate.boot.internal.SessionFactoryObserverForNamedQueryValidation.sessionFactoryCreated(SessionFactoryObserverForNamedQueryValidation.java:39) ~[hibernate-core-6.6.39.Final.jar:6.6.39.Final]
	at org.hibernate.internal.SessionFactoryObserverChain.sessionFactoryCreated(SessionFactoryObserverChain.java:35) ~[hibernate-core-6.6.39.Final.jar:6.6.39.Final]
	at org.hibernate.internal.SessionFactoryImpl.<init>(SessionFactoryImpl.java:324) ~[hibernate-core-6.6.39.Final.jar:6.6.39.Final]
	at org.hibernate.boot.internal.SessionFactoryBuilderImpl.build(SessionFactoryBuilderImpl.java:463) ~[hibernate-core-6.6.39.Final.jar:6.6.39.Final]
	at org.hibernate.jpa.boot.internal.EntityManagerFactoryBuilderImpl.build(EntityManagerFactoryBuilderImpl.java:1517) ~[hibernate-core-6.6.39.Final.jar:6.6.39.Final]
	at org.springframework.orm.jpa.vendor.SpringHibernateJpaPersistenceProvider.createContainerEntityManagerFactory(SpringHibernateJpaPersistenceProvider.java:66) ~[spring-orm-6.2.15.jar:6.2.15]
	at org.springframework.orm.jpa.LocalContainerEntityManagerFactoryBean.createNativeEntityManagerFactory(LocalContainerEntityManagerFactoryBean.java:390) ~[spring-orm-6.2.15.jar:6.2.15]
	at org.springframework.orm.jpa.AbstractEntityManagerFactoryBean.buildNativeEntityManagerFactory(AbstractEntityManagerFactoryBean.java:419) ~[spring-orm-6.2.15.jar:6.2.15]
	at org.springframework.orm.jpa.AbstractEntityManagerFactoryBean.afterPropertiesSet(AbstractEntityManagerFactoryBean.java:400) ~[spring-orm-6.2.15.jar:6.2.15]
	at org.springframework.orm.jpa.LocalContainerEntityManagerFactoryBean.afterPropertiesSet(LocalContainerEntityManagerFactoryBean.java:366) ~[spring-orm-6.2.15.jar:6.2.15]
	at org.springframework.beans.factory.support.AbstractAutowireCapableBeanFactory.invokeInitMethods(AbstractAutowireCapableBeanFactory.java:1873) ~[spring-beans-6.2.15.jar:6.2.15]
	at org.springframework.beans.factory.support.AbstractAutowireCapableBeanFactory.initializeBean(AbstractAutowireCapableBeanFactory.java:1822) ~[spring-beans-6.2.15.jar:6.2.15]
	at org.springframework.beans.factory.support.AbstractAutowireCapableBeanFactory.doCreateBean(AbstractAutowireCapableBeanFactory.java:607) ~[spring-beans-6.2.15.jar:6.2.15]
	at org.springframework.beans.factory.support.AbstractAutowireCapableBeanFactory.createBean(AbstractAutowireCapableBeanFactory.java:529) ~[spring-beans-6.2.15.jar:6.2.15]
	at org.springframework.beans.factory.support.AbstractBeanFactory.lambda$doGetBean$0(AbstractBeanFactory.java:339) ~[spring-beans-6.2.15.jar:6.2.15]
	at org.springframework.beans.factory.support.DefaultSingletonBeanRegistry.getSingleton(DefaultSingletonBeanRegistry.java:373) ~[spring-beans-6.2.15.jar:6.2.15]
	at org.springframework.beans.factory.support.AbstractBeanFactory.doGetBean(AbstractBeanFactory.java:337) ~[spring-beans-6.2.15.jar:6.2.15]
	at org.springframework.beans.factory.support.AbstractBeanFactory.getBean(AbstractBeanFactory.java:207) ~[spring-beans-6.2.15.jar:6.2.15]
	at org.springframework.context.support.AbstractApplicationContext.finishBeanFactoryInitialization(AbstractApplicationContext.java:973) ~[spring-context-6.2.15.jar:6.2.15]
	at org.springframework.context.support.AbstractApplicationContext.refresh(AbstractApplicationContext.java:627) ~[spring-context-6.2.15.jar:6.2.15]
	at org.springframework.boot.web.servlet.context.ServletWebServerApplicationContext.refresh(ServletWebServerApplicationContext.java:146) ~[spring-boot-3.4.13.jar:3.4.13]
	at org.springframework.boot.SpringApplication.refresh(SpringApplication.java:752) ~[spring-boot-3.4.13.jar:3.4.13]
	at org.springframework.boot.SpringApplication.refreshContext(SpringApplication.java:439) ~[spring-boot-3.4.13.jar:3.4.13]
	at org.springframework.boot.SpringApplication.run(SpringApplication.java:318) ~[spring-boot-3.4.13.jar:3.4.13]
	at org.springframework.boot.SpringApplication.run(SpringApplication.java:1361) ~[spring-boot-3.4.13.jar:3.4.13]
	at org.springframework.boot.SpringApplication.run(SpringApplication.java:1350) ~[spring-boot-3.4.13.jar:3.4.13]
	at com.example.ecommerce.EcommerceApplication.main(EcommerceApplication.java:12) ~[classes/:na]
	at java.base/jdk.internal.reflect.DirectMethodHandleAccessor.invoke(DirectMethodHandleAccessor.java:104) ~[na:na]
	at java.base/java.lang.reflect.Method.invoke(Method.java:565) ~[na:na]
	at org.springframework.boot.devtools.restart.RestartLauncher.run(RestartLauncher.java:50) ~[spring-boot-devtools-3.4.13.jar:3.4.13]

2026-08-19T10:27:17.831+05:30 ERROR 13984 --- [ecommerce-rest-api] [restartedMain] j.LocalContainerEntityManagerFactoryBean : Failed to initialize JPA EntityManagerFactory: [PersistenceUnit: default] Unable to build Hibernate SessionFactory; nested exception is org.hibernate.query.NamedQueryValidationException: Errors in named queries: 
  [1] Error in query named 'Product.findActiveByCategoryNamed': Could not interpret path expression 'com.example.ecommerce.entity.ProductStatus.ACTIVE'
2026-08-19T10:27:17.833+05:30  WARN 13984 --- [ecommerce-rest-api] [restartedMain] ConfigServletWebServerApplicationContext : Exception encountered during context initialization - cancelling refresh attempt: org.springframework.beans.factory.BeanCreationException: Error creating bean with name 'entityManagerFactory' defined in class path resource [org/springframework/boot/autoconfigure/orm/jpa/HibernateJpaConfiguration.class]: [PersistenceUnit: default] Unable to build Hibernate SessionFactory; nested exception is org.hibernate.query.NamedQueryValidationException: Errors in named queries: 
  [1] Error in query named 'Product.findActiveByCategoryNamed': Could not interpret path expression 'com.example.ecommerce.entity.ProductStatus.ACTIVE'
2026-08-19T10:27:17.836+05:30  INFO 13984 --- [ecommerce-rest-api] [restartedMain] com.zaxxer.hikari.HikariDataSource       : HikariPool-1 - Shutdown initiated...
2026-08-19T10:27:17.861+05:30  INFO 13984 --- [ecommerce-rest-api] [restartedMain] com.zaxxer.hikari.HikariDataSource       : HikariPool-1 - Shutdown completed.
2026-08-19T10:27:17.867+05:30  INFO 13984 --- [ecommerce-rest-api] [restartedMain] o.apache.catalina.core.StandardService   : Stopping service [Tomcat]
2026-08-19T10:27:17.905+05:30  INFO 13984 --- [ecommerce-rest-api] [restartedMain] .s.b.a.l.ConditionEvaluationReportLogger : 

Error starting ApplicationContext. To display the condition evaluation report re-run your application with 'debug' enabled.
2026-08-19T10:27:17.945+05:30 ERROR 13984 --- [ecommerce-rest-api] [restartedMain] o.s.boot.SpringApplication               : Application run failed

org.springframework.beans.factory.BeanCreationException: Error creating bean with name 'entityManagerFactory' defined in class path resource [org/springframework/boot/autoconfigure/orm/jpa/HibernateJpaConfiguration.class]: [PersistenceUnit: default] Unable to build Hibernate SessionFactory; nested exception is org.hibernate.query.NamedQueryValidationException: Errors in named queries: 
  [1] Error in query named 'Product.findActiveByCategoryNamed': Could not interpret path expression 'com.example.ecommerce.entity.ProductStatus.ACTIVE'
	at org.springframework.beans.factory.support.AbstractAutowireCapableBeanFactory.initializeBean(AbstractAutowireCapableBeanFactory.java:1826) ~[spring-beans-6.2.15.jar:6.2.15]
	at org.springframework.beans.factory.support.AbstractAutowireCapableBeanFactory.doCreateBean(AbstractAutowireCapableBeanFactory.java:607) ~[spring-beans-6.2.15.jar:6.2.15]
	at org.springframework.beans.factory.support.AbstractAutowireCapableBeanFactory.createBean(AbstractAutowireCapableBeanFactory.java:529) ~[spring-beans-6.2.15.jar:6.2.15]
	at org.springframework.beans.factory.support.AbstractBeanFactory.lambda$doGetBean$0(AbstractBeanFactory.java:339) ~[spring-beans-6.2.15.jar:6.2.15]
	at org.springframework.beans.factory.support.DefaultSingletonBeanRegistry.getSingleton(DefaultSingletonBeanRegistry.java:373) ~[spring-beans-6.2.15.jar:6.2.15]
	at org.springframework.beans.factory.support.AbstractBeanFactory.doGetBean(AbstractBeanFactory.java:337) ~[spring-beans-6.2.15.jar:6.2.15]
	at org.springframework.beans.factory.support.AbstractBeanFactory.getBean(AbstractBeanFactory.java:207) ~[spring-beans-6.2.15.jar:6.2.15]
	at org.springframework.context.support.AbstractApplicationContext.finishBeanFactoryInitialization(AbstractApplicationContext.java:973) ~[spring-context-6.2.15.jar:6.2.15]
	at org.springframework.context.support.AbstractApplicationContext.refresh(AbstractApplicationContext.java:627) ~[spring-context-6.2.15.jar:6.2.15]
	at org.springframework.boot.web.servlet.context.ServletWebServerApplicationContext.refresh(ServletWebServerApplicationContext.java:146) ~[spring-boot-3.4.13.jar:3.4.13]
	at org.springframework.boot.SpringApplication.refresh(SpringApplication.java:752) ~[spring-boot-3.4.13.jar:3.4.13]
	at org.springframework.boot.SpringApplication.refreshContext(SpringApplication.java:439) ~[spring-boot-3.4.13.jar:3.4.13]
	at org.springframework.boot.SpringApplication.run(SpringApplication.java:318) ~[spring-boot-3.4.13.jar:3.4.13]
	at org.springframework.boot.SpringApplication.run(SpringApplication.java:1361) ~[spring-boot-3.4.13.jar:3.4.13]
	at org.springframework.boot.SpringApplication.run(SpringApplication.java:1350) ~[spring-boot-3.4.13.jar:3.4.13]
	at com.example.ecommerce.EcommerceApplication.main(EcommerceApplication.java:12) ~[classes/:na]
	at java.base/jdk.internal.reflect.DirectMethodHandleAccessor.invoke(DirectMethodHandleAccessor.java:104) ~[na:na]
	at java.base/java.lang.reflect.Method.invoke(Method.java:565) ~[na:na]
	at org.springframework.boot.devtools.restart.RestartLauncher.run(RestartLauncher.java:50) ~[spring-boot-devtools-3.4.13.jar:3.4.13]
Caused by: jakarta.persistence.PersistenceException: [PersistenceUnit: default] Unable to build Hibernate SessionFactory; nested exception is org.hibernate.query.NamedQueryValidationException: Errors in named queries: 
  [1] Error in query named 'Product.findActiveByCategoryNamed': Could not interpret path expression 'com.example.ecommerce.entity.ProductStatus.ACTIVE'
	at org.springframework.orm.jpa.AbstractEntityManagerFactoryBean.buildNativeEntityManagerFactory(AbstractEntityManagerFactoryBean.java:431) ~[spring-orm-6.2.15.jar:6.2.15]
	at org.springframework.orm.jpa.AbstractEntityManagerFactoryBean.afterPropertiesSet(AbstractEntityManagerFactoryBean.java:400) ~[spring-orm-6.2.15.jar:6.2.15]
	at org.springframework.orm.jpa.LocalContainerEntityManagerFactoryBean.afterPropertiesSet(LocalContainerEntityManagerFactoryBean.java:366) ~[spring-orm-6.2.15.jar:6.2.15]
	at org.springframework.beans.factory.support.AbstractAutowireCapableBeanFactory.invokeInitMethods(AbstractAutowireCapableBeanFactory.java:1873) ~[spring-beans-6.2.15.jar:6.2.15]
	at org.springframework.beans.factory.support.AbstractAutowireCapableBeanFactory.initializeBean(AbstractAutowireCapableBeanFactory.java:1822) ~[spring-beans-6.2.15.jar:6.2.15]
	... 18 common frames omitted
Caused by: org.hibernate.query.NamedQueryValidationException: Errors in named queries: 
  [1] Error in query named 'Product.findActiveByCategoryNamed': Could not interpret path expression 'com.example.ecommerce.entity.ProductStatus.ACTIVE'
	at org.hibernate.query.internal.NamedObjectRepositoryImpl.validateNamedQueries(NamedObjectRepositoryImpl.java:230) ~[hibernate-core-6.6.39.Final.jar:6.6.39.Final]
	at org.hibernate.query.internal.QueryEngineImpl.validateNamedQueries(QueryEngineImpl.java:215) ~[hibernate-core-6.6.39.Final.jar:6.6.39.Final]
	at org.hibernate.boot.internal.SessionFactoryObserverForNamedQueryValidation.sessionFactoryCreated(SessionFactoryObserverForNamedQueryValidation.java:39) ~[hibernate-core-6.6.39.Final.jar:6.6.39.Final]
	at org.hibernate.internal.SessionFactoryObserverChain.sessionFactoryCreated(SessionFactoryObserverChain.java:35) ~[hibernate-core-6.6.39.Final.jar:6.6.39.Final]
	at org.hibernate.internal.SessionFactoryImpl.<init>(SessionFactoryImpl.java:324) ~[hibernate-core-6.6.39.Final.jar:6.6.39.Final]
	at org.hibernate.boot.internal.SessionFactoryBuilderImpl.build(SessionFactoryBuilderImpl.java:463) ~[hibernate-core-6.6.39.Final.jar:6.6.39.Final]
	at org.hibernate.jpa.boot.internal.EntityManagerFactoryBuilderImpl.build(EntityManagerFactoryBuilderImpl.java:1517) ~[hibernate-core-6.6.39.Final.jar:6.6.39.Final]
	at org.springframework.orm.jpa.vendor.SpringHibernateJpaPersistenceProvider.createContainerEntityManagerFactory(SpringHibernateJpaPersistenceProvider.java:66) ~[spring-orm-6.2.15.jar:6.2.15]
	at org.springframework.orm.jpa.LocalContainerEntityManagerFactoryBean.createNativeEntityManagerFactory(LocalContainerEntityManagerFactoryBean.java:390) ~[spring-orm-6.2.15.jar:6.2.15]
	at org.springframework.orm.jpa.AbstractEntityManagerFactoryBean.buildNativeEntityManagerFactory(AbstractEntityManagerFactoryBean.java:419) ~[spring-orm-6.2.15.jar:6.2.15]
	... 22 common frames omitted
	Suppressed: org.hibernate.query.SemanticException: Could not interpret path expression 'com.example.ecommerce.entity.ProductStatus.ACTIVE'
		at org.hibernate.query.hql.internal.BasicDotIdentifierConsumer$BaseLocalSequencePart.resolvePathPart(BasicDotIdentifierConsumer.java:240) ~[hibernate-core-6.6.39.Final.jar:6.6.39.Final]
		at org.hibernate.query.hql.internal.BasicDotIdentifierConsumer.consumeIdentifier(BasicDotIdentifierConsumer.java:92) ~[hibernate-core-6.6.39.Final.jar:6.6.39.Final]
		at org.hibernate.query.hql.internal.SemanticQueryBuilder.visitSimplePath(SemanticQueryBuilder.java:5432) ~[hibernate-core-6.6.39.Final.jar:6.6.39.Final]
		at org.hibernate.query.hql.internal.SemanticQueryBuilder.visitGeneralPathFragment(SemanticQueryBuilder.java:5292) ~[hibernate-core-6.6.39.Final.jar:6.6.39.Final]
		at org.hibernate.query.hql.internal.SemanticQueryBuilder.visitGeneralPathExpression(SemanticQueryBuilder.java:1884) ~[hibernate-core-6.6.39.Final.jar:6.6.39.Final]
		at org.hibernate.grammars.hql.HqlParser$GeneralPathExpressionContext.accept(HqlParser.java:7882) ~[hibernate-core-6.6.39.Final.jar:6.6.39.Final]
		at org.antlr.v4.runtime.tree.AbstractParseTreeVisitor.visitChildren(AbstractParseTreeVisitor.java:46) ~[antlr4-runtime-4.13.0.jar:4.13.0]
		at org.hibernate.grammars.hql.HqlParserBaseVisitor.visitBarePrimaryExpression(HqlParserBaseVisitor.java:749) ~[hibernate-core-6.6.39.Final.jar:6.6.39.Final]
		at org.hibernate.grammars.hql.HqlParser$BarePrimaryExpressionContext.accept(HqlParser.java:7331) ~[hibernate-core-6.6.39.Final.jar:6.6.39.Final]
		at org.hibernate.query.hql.internal.SemanticQueryBuilder.createComparisonPredicate(SemanticQueryBuilder.java:2615) ~[hibernate-core-6.6.39.Final.jar:6.6.39.Final]
		at org.hibernate.query.hql.internal.SemanticQueryBuilder.visitBinaryExpressionPredicate(SemanticQueryBuilder.java:2566) ~[hibernate-core-6.6.39.Final.jar:6.6.39.Final]
		at org.hibernate.query.hql.internal.SemanticQueryBuilder.visitBinaryExpressionPredicate(SemanticQueryBuilder.java:278) ~[hibernate-core-6.6.39.Final.jar:6.6.39.Final]
		at org.hibernate.grammars.hql.HqlParser$BinaryExpressionPredicateContext.accept(HqlParser.java:6264) ~[hibernate-core-6.6.39.Final.jar:6.6.39.Final]
		at org.hibernate.query.hql.internal.SemanticQueryBuilder.visitAndPredicate(SemanticQueryBuilder.java:2400) ~[hibernate-core-6.6.39.Final.jar:6.6.39.Final]
		at org.hibernate.query.hql.internal.SemanticQueryBuilder.visitAndPredicate(SemanticQueryBuilder.java:278) ~[hibernate-core-6.6.39.Final.jar:6.6.39.Final]
		at org.hibernate.grammars.hql.HqlParser$AndPredicateContext.accept(HqlParser.java:6361) ~[hibernate-core-6.6.39.Final.jar:6.6.39.Final]
		at org.hibernate.query.hql.internal.SemanticQueryBuilder.visitWhereClause(SemanticQueryBuilder.java:2382) ~[hibernate-core-6.6.39.Final.jar:6.6.39.Final]
		at org.hibernate.query.hql.internal.SemanticQueryBuilder.visitWhereClause(SemanticQueryBuilder.java:278) ~[hibernate-core-6.6.39.Final.jar:6.6.39.Final]
		at org.hibernate.grammars.hql.HqlParser$WhereClauseContext.accept(HqlParser.java:6192) ~[hibernate-core-6.6.39.Final.jar:6.6.39.Final]
		at org.hibernate.query.hql.internal.SemanticQueryBuilder.visitQuery(SemanticQueryBuilder.java:1252) ~[hibernate-core-6.6.39.Final.jar:6.6.39.Final]
		at org.hibernate.query.hql.internal.SemanticQueryBuilder.visitQuerySpecExpression(SemanticQueryBuilder.java:1029) ~[hibernate-core-6.6.39.Final.jar:6.6.39.Final]
		at org.hibernate.query.hql.internal.SemanticQueryBuilder.visitQuerySpecExpression(SemanticQueryBuilder.java:278) ~[hibernate-core-6.6.39.Final.jar:6.6.39.Final]
		at org.hibernate.grammars.hql.HqlParser$QuerySpecExpressionContext.accept(HqlParser.java:2077) ~[hibernate-core-6.6.39.Final.jar:6.6.39.Final]
		at org.hibernate.query.hql.internal.SemanticQueryBuilder.visitQueryExpression(SemanticQueryBuilder.java:1063) ~[hibernate-core-6.6.39.Final.jar:6.6.39.Final]
		at org.hibernate.query.hql.internal.SemanticQueryBuilder.visitQueryExpression(SemanticQueryBuilder.java:278) ~[hibernate-core-6.6.39.Final.jar:6.6.39.Final]
		at org.hibernate.grammars.hql.HqlParser$QueryExpressionContext.accept(HqlParser.java:1973) ~[hibernate-core-6.6.39.Final.jar:6.6.39.Final]
		at org.hibernate.query.hql.internal.SemanticQueryBuilder.visitSelectStatement(SemanticQueryBuilder.java:493) ~[hibernate-core-6.6.39.Final.jar:6.6.39.Final]
		at org.hibernate.query.hql.internal.SemanticQueryBuilder.visitStatement(SemanticQueryBuilder.java:452) ~[hibernate-core-6.6.39.Final.jar:6.6.39.Final]
		at org.hibernate.query.hql.internal.SemanticQueryBuilder.buildSemanticModel(SemanticQueryBuilder.java:325) ~[hibernate-core-6.6.39.Final.jar:6.6.39.Final]
		at org.hibernate.query.hql.internal.StandardHqlTranslator.translate(StandardHqlTranslator.java:71) ~[hibernate-core-6.6.39.Final.jar:6.6.39.Final]
		at org.hibernate.query.internal.QueryInterpretationCacheStandardImpl.createHqlInterpretation(QueryInterpretationCacheStandardImpl.java:145) ~[hibernate-core-6.6.39.Final.jar:6.6.39.Final]
		at org.hibernate.query.internal.QueryInterpretationCacheStandardImpl.resolveHqlInterpretation(QueryInterpretationCacheStandardImpl.java:132) ~[hibernate-core-6.6.39.Final.jar:6.6.39.Final]
		at org.hibernate.query.internal.NamedObjectRepositoryImpl.checkNamedQueries(NamedObjectRepositoryImpl.java:249) ~[hibernate-core-6.6.39.Final.jar:6.6.39.Final]
		at org.hibernate.query.internal.NamedObjectRepositoryImpl.validateNamedQueries(NamedObjectRepositoryImpl.java:219) ~[hibernate-core-6.6.39.Final.jar:6.6.39.Final]
		... 31 common frames omitted

2026-08-19T10:27:19.084+05:30  INFO 19924 --- [ecommerce-rest-api] [restartedMain] o.s.b.w.embedded.tomcat.TomcatWebServer  : Tomcat initialized with port 8080 (http)
2026-08-19T10:27:19.113+05:30  INFO 19924 --- [ecommerce-rest-api] [restartedMain] o.apache.catalina.core.StandardService   : Starting service [Tomcat]
2026-08-19T10:27:19.114+05:30  INFO 19924 --- [ecommerce-rest-api] [restartedMain] o.apache.catalina.core.StandardEngine    : Starting Servlet engine: [Apache Tomcat/10.1.50]
2026-08-19T10:27:19.197+05:30  INFO 19924 --- [ecommerce-rest-api] [restartedMain] o.a.c.c.C.[Tomcat].[localhost].[/]       : Initializing Spring embedded WebApplicationContext
2026-08-19T10:27:19.198+05:30  INFO 19924 --- [ecommerce-rest-api] [restartedMain] w.s.c.ServletWebServerApplicationContext : Root WebApplicationContext: initialization completed in 3859 ms
2026-08-19T10:27:19.665+05:30  INFO 19924 --- [ecommerce-rest-api] [restartedMain] o.hibernate.jpa.internal.util.LogHelper  : HHH000204: Processing PersistenceUnitInfo [name: default]
2026-08-19T10:27:19.756+05:30  INFO 19924 --- [ecommerce-rest-api] [restartedMain] org.hibernate.Version                    : HHH000412: Hibernate ORM core version 6.6.39.Final
2026-08-19T10:27:19.814+05:30  INFO 19924 --- [ecommerce-rest-api] [restartedMain] o.h.c.internal.RegionFactoryInitiator    : HHH000026: Second-level cache disabled
2026-08-19T10:27:20.278+05:30  INFO 19924 --- [ecommerce-rest-api] [restartedMain] o.s.o.j.p.SpringPersistenceUnitInfo      : No LoadTimeWeaver setup: ignoring JPA class transformer
2026-08-19T10:27:20.327+05:30  INFO 19924 --- [ecommerce-rest-api] [restartedMain] com.zaxxer.hikari.HikariDataSource       : HikariPool-1 - Starting...
2026-08-19T10:27:20.597+05:30  INFO 19924 --- [ecommerce-rest-api] [restartedMain] com.zaxxer.hikari.pool.HikariPool        : HikariPool-1 - Added connection com.mysql.cj.jdbc.ConnectionImpl@7e2246b
2026-08-19T10:27:20.600+05:30  INFO 19924 --- [ecommerce-rest-api] [restartedMain] com.zaxxer.hikari.HikariDataSource       : HikariPool-1 - Start completed.
2026-08-19T10:27:20.725+05:30  INFO 19924 --- [ecommerce-rest-api] [restartedMain] org.hibernate.orm.connections.pooling    : HHH10001005: Database info:
	Database JDBC URL [Connecting through datasource 'HikariDataSource (HikariPool-1)']
	Database driver: undefined/unknown
	Database version: 8.0.42
	Autocommit mode: undefined/unknown
	Isolation level: undefined/unknown
	Minimum pool size: undefined/unknown
	Maximum pool size: undefined/unknown
2026-08-19T10:27:22.616+05:30  INFO 19924 --- [ecommerce-rest-api] [restartedMain] o.h.e.t.j.p.i.JtaPlatformInitiator       : HHH000489: No JTA platform available (set 'hibernate.transaction.jta.platform' to enable JTA platform integration)
2026-08-19T10:27:22.944+05:30 ERROR 19924 --- [ecommerce-rest-api] [restartedMain] org.hibernate.orm.query                  : HHH90003001: Error in named query: Product.findActiveByCategoryNamed

org.hibernate.query.SemanticException: Could not interpret path expression 'com.example.ecommerce.entity.ProductStatus.ACTIVE'
	at org.hibernate.query.hql.internal.BasicDotIdentifierConsumer$BaseLocalSequencePart.resolvePathPart(BasicDotIdentifierConsumer.java:240) ~[hibernate-core-6.6.39.Final.jar:6.6.39.Final]
	at org.hibernate.query.hql.internal.BasicDotIdentifierConsumer.consumeIdentifier(BasicDotIdentifierConsumer.java:92) ~[hibernate-core-6.6.39.Final.jar:6.6.39.Final]
	at org.hibernate.query.hql.internal.SemanticQueryBuilder.visitSimplePath(SemanticQueryBuilder.java:5432) ~[hibernate-core-6.6.39.Final.jar:6.6.39.Final]
	at org.hibernate.query.hql.internal.SemanticQueryBuilder.visitGeneralPathFragment(SemanticQueryBuilder.java:5292) ~[hibernate-core-6.6.39.Final.jar:6.6.39.Final]
	at org.hibernate.query.hql.internal.SemanticQueryBuilder.visitGeneralPathExpression(SemanticQueryBuilder.java:1884) ~[hibernate-core-6.6.39.Final.jar:6.6.39.Final]
	at org.hibernate.grammars.hql.HqlParser$GeneralPathExpressionContext.accept(HqlParser.java:7882) ~[hibernate-core-6.6.39.Final.jar:6.6.39.Final]
	at org.antlr.v4.runtime.tree.AbstractParseTreeVisitor.visitChildren(AbstractParseTreeVisitor.java:46) ~[antlr4-runtime-4.13.0.jar:4.13.0]
	at org.hibernate.grammars.hql.HqlParserBaseVisitor.visitBarePrimaryExpression(HqlParserBaseVisitor.java:749) ~[hibernate-core-6.6.39.Final.jar:6.6.39.Final]
	at org.hibernate.grammars.hql.HqlParser$BarePrimaryExpressionContext.accept(HqlParser.java:7331) ~[hibernate-core-6.6.39.Final.jar:6.6.39.Final]
	at org.hibernate.query.hql.internal.SemanticQueryBuilder.createComparisonPredicate(SemanticQueryBuilder.java:2615) ~[hibernate-core-6.6.39.Final.jar:6.6.39.Final]
	at org.hibernate.query.hql.internal.SemanticQueryBuilder.visitBinaryExpressionPredicate(SemanticQueryBuilder.java:2566) ~[hibernate-core-6.6.39.Final.jar:6.6.39.Final]
	at org.hibernate.query.hql.internal.SemanticQueryBuilder.visitBinaryExpressionPredicate(SemanticQueryBuilder.java:278) ~[hibernate-core-6.6.39.Final.jar:6.6.39.Final]
	at org.hibernate.grammars.hql.HqlParser$BinaryExpressionPredicateContext.accept(HqlParser.java:6264) ~[hibernate-core-6.6.39.Final.jar:6.6.39.Final]
	at org.hibernate.query.hql.internal.SemanticQueryBuilder.visitAndPredicate(SemanticQueryBuilder.java:2400) ~[hibernate-core-6.6.39.Final.jar:6.6.39.Final]
	at org.hibernate.query.hql.internal.SemanticQueryBuilder.visitAndPredicate(SemanticQueryBuilder.java:278) ~[hibernate-core-6.6.39.Final.jar:6.6.39.Final]
	at org.hibernate.grammars.hql.HqlParser$AndPredicateContext.accept(HqlParser.java:6361) ~[hibernate-core-6.6.39.Final.jar:6.6.39.Final]
	at org.hibernate.query.hql.internal.SemanticQueryBuilder.visitWhereClause(SemanticQueryBuilder.java:2382) ~[hibernate-core-6.6.39.Final.jar:6.6.39.Final]
	at org.hibernate.query.hql.internal.SemanticQueryBuilder.visitWhereClause(SemanticQueryBuilder.java:278) ~[hibernate-core-6.6.39.Final.jar:6.6.39.Final]
	at org.hibernate.grammars.hql.HqlParser$WhereClauseContext.accept(HqlParser.java:6192) ~[hibernate-core-6.6.39.Final.jar:6.6.39.Final]
	at org.hibernate.query.hql.internal.SemanticQueryBuilder.visitQuery(SemanticQueryBuilder.java:1252) ~[hibernate-core-6.6.39.Final.jar:6.6.39.Final]
	at org.hibernate.query.hql.internal.SemanticQueryBuilder.visitQuerySpecExpression(SemanticQueryBuilder.java:1029) ~[hibernate-core-6.6.39.Final.jar:6.6.39.Final]
	at org.hibernate.query.hql.internal.SemanticQueryBuilder.visitQuerySpecExpression(SemanticQueryBuilder.java:278) ~[hibernate-core-6.6.39.Final.jar:6.6.39.Final]
	at org.hibernate.grammars.hql.HqlParser$QuerySpecExpressionContext.accept(HqlParser.java:2077) ~[hibernate-core-6.6.39.Final.jar:6.6.39.Final]
	at org.hibernate.query.hql.internal.SemanticQueryBuilder.visitQueryExpression(SemanticQueryBuilder.java:1063) ~[hibernate-core-6.6.39.Final.jar:6.6.39.Final]
	at org.hibernate.query.hql.internal.SemanticQueryBuilder.visitQueryExpression(SemanticQueryBuilder.java:278) ~[hibernate-core-6.6.39.Final.jar:6.6.39.Final]
	at org.hibernate.grammars.hql.HqlParser$QueryExpressionContext.accept(HqlParser.java:1973) ~[hibernate-core-6.6.39.Final.jar:6.6.39.Final]
	at org.hibernate.query.hql.internal.SemanticQueryBuilder.visitSelectStatement(SemanticQueryBuilder.java:493) ~[hibernate-core-6.6.39.Final.jar:6.6.39.Final]
	at org.hibernate.query.hql.internal.SemanticQueryBuilder.visitStatement(SemanticQueryBuilder.java:452) ~[hibernate-core-6.6.39.Final.jar:6.6.39.Final]
	at org.hibernate.query.hql.internal.SemanticQueryBuilder.buildSemanticModel(SemanticQueryBuilder.java:325) ~[hibernate-core-6.6.39.Final.jar:6.6.39.Final]
	at org.hibernate.query.hql.internal.StandardHqlTranslator.translate(StandardHqlTranslator.java:71) ~[hibernate-core-6.6.39.Final.jar:6.6.39.Final]
	at org.hibernate.query.internal.QueryInterpretationCacheStandardImpl.createHqlInterpretation(QueryInterpretationCacheStandardImpl.java:145) ~[hibernate-core-6.6.39.Final.jar:6.6.39.Final]
	at org.hibernate.query.internal.QueryInterpretationCacheStandardImpl.resolveHqlInterpretation(QueryInterpretationCacheStandardImpl.java:132) ~[hibernate-core-6.6.39.Final.jar:6.6.39.Final]
	at org.hibernate.query.internal.NamedObjectRepositoryImpl.checkNamedQueries(NamedObjectRepositoryImpl.java:249) ~[hibernate-core-6.6.39.Final.jar:6.6.39.Final]
	at org.hibernate.query.internal.NamedObjectRepositoryImpl.validateNamedQueries(NamedObjectRepositoryImpl.java:219) ~[hibernate-core-6.6.39.Final.jar:6.6.39.Final]
	at org.hibernate.query.internal.QueryEngineImpl.validateNamedQueries(QueryEngineImpl.java:215) ~[hibernate-core-6.6.39.Final.jar:6.6.39.Final]
	at org.hibernate.boot.internal.SessionFactoryObserverForNamedQueryValidation.sessionFactoryCreated(SessionFactoryObserverForNamedQueryValidation.java:39) ~[hibernate-core-6.6.39.Final.jar:6.6.39.Final]
	at org.hibernate.internal.SessionFactoryObserverChain.sessionFactoryCreated(SessionFactoryObserverChain.java:35) ~[hibernate-core-6.6.39.Final.jar:6.6.39.Final]
	at org.hibernate.internal.SessionFactoryImpl.<init>(SessionFactoryImpl.java:324) ~[hibernate-core-6.6.39.Final.jar:6.6.39.Final]
	at org.hibernate.boot.internal.SessionFactoryBuilderImpl.build(SessionFactoryBuilderImpl.java:463) ~[hibernate-core-6.6.39.Final.jar:6.6.39.Final]
	at org.hibernate.jpa.boot.internal.EntityManagerFactoryBuilderImpl.build(EntityManagerFactoryBuilderImpl.java:1517) ~[hibernate-core-6.6.39.Final.jar:6.6.39.Final]
	at org.springframework.orm.jpa.vendor.SpringHibernateJpaPersistenceProvider.createContainerEntityManagerFactory(SpringHibernateJpaPersistenceProvider.java:66) ~[spring-orm-6.2.15.jar:6.2.15]
	at org.springframework.orm.jpa.LocalContainerEntityManagerFactoryBean.createNativeEntityManagerFactory(LocalContainerEntityManagerFactoryBean.java:390) ~[spring-orm-6.2.15.jar:6.2.15]
	at org.springframework.orm.jpa.AbstractEntityManagerFactoryBean.buildNativeEntityManagerFactory(AbstractEntityManagerFactoryBean.java:419) ~[spring-orm-6.2.15.jar:6.2.15]
	at org.springframework.orm.jpa.AbstractEntityManagerFactoryBean.afterPropertiesSet(AbstractEntityManagerFactoryBean.java:400) ~[spring-orm-6.2.15.jar:6.2.15]
	at org.springframework.orm.jpa.LocalContainerEntityManagerFactoryBean.afterPropertiesSet(LocalContainerEntityManagerFactoryBean.java:366) ~[spring-orm-6.2.15.jar:6.2.15]
	at org.springframework.beans.factory.support.AbstractAutowireCapableBeanFactory.invokeInitMethods(AbstractAutowireCapableBeanFactory.java:1873) ~[spring-beans-6.2.15.jar:6.2.15]
	at org.springframework.beans.factory.support.AbstractAutowireCapableBeanFactory.initializeBean(AbstractAutowireCapableBeanFactory.java:1822) ~[spring-beans-6.2.15.jar:6.2.15]
	at org.springframework.beans.factory.support.AbstractAutowireCapableBeanFactory.doCreateBean(AbstractAutowireCapableBeanFactory.java:607) ~[spring-beans-6.2.15.jar:6.2.15]
	at org.springframework.beans.factory.support.AbstractAutowireCapableBeanFactory.createBean(AbstractAutowireCapableBeanFactory.java:529) ~[spring-beans-6.2.15.jar:6.2.15]
	at org.springframework.beans.factory.support.AbstractBeanFactory.lambda$doGetBean$0(AbstractBeanFactory.java:339) ~[spring-beans-6.2.15.jar:6.2.15]
	at org.springframework.beans.factory.support.DefaultSingletonBeanRegistry.getSingleton(DefaultSingletonBeanRegistry.java:373) ~[spring-beans-6.2.15.jar:6.2.15]
	at org.springframework.beans.factory.support.AbstractBeanFactory.doGetBean(AbstractBeanFactory.java:337) ~[spring-beans-6.2.15.jar:6.2.15]
	at org.springframework.beans.factory.support.AbstractBeanFactory.getBean(AbstractBeanFactory.java:207) ~[spring-beans-6.2.15.jar:6.2.15]
	at org.springframework.context.support.AbstractApplicationContext.finishBeanFactoryInitialization(AbstractApplicationContext.java:973) ~[spring-context-6.2.15.jar:6.2.15]
	at org.springframework.context.support.AbstractApplicationContext.refresh(AbstractApplicationContext.java:627) ~[spring-context-6.2.15.jar:6.2.15]
	at org.springframework.boot.web.servlet.context.ServletWebServerApplicationContext.refresh(ServletWebServerApplicationContext.java:146) ~[spring-boot-3.4.13.jar:3.4.13]
	at org.springframework.boot.SpringApplication.refresh(SpringApplication.java:752) ~[spring-boot-3.4.13.jar:3.4.13]
	at org.springframework.boot.SpringApplication.refreshContext(SpringApplication.java:439) ~[spring-boot-3.4.13.jar:3.4.13]
	at org.springframework.boot.SpringApplication.run(SpringApplication.java:318) ~[spring-boot-3.4.13.jar:3.4.13]
	at org.springframework.boot.SpringApplication.run(SpringApplication.java:1361) ~[spring-boot-3.4.13.jar:3.4.13]
	at org.springframework.boot.SpringApplication.run(SpringApplication.java:1350) ~[spring-boot-3.4.13.jar:3.4.13]
	at com.example.ecommerce.EcommerceApplication.main(EcommerceApplication.java:12) ~[classes/:na]
	at java.base/jdk.internal.reflect.DirectMethodHandleAccessor.invoke(DirectMethodHandleAccessor.java:104) ~[na:na]
	at java.base/java.lang.reflect.Method.invoke(Method.java:565) ~[na:na]
	at org.springframework.boot.devtools.restart.RestartLauncher.run(RestartLauncher.java:50) ~[spring-boot-devtools-3.4.13.jar:3.4.13]

2026-08-19T10:27:22.958+05:30 ERROR 19924 --- [ecommerce-rest-api] [restartedMain] j.LocalContainerEntityManagerFactoryBean : Failed to initialize JPA EntityManagerFactory: [PersistenceUnit: default] Unable to build Hibernate SessionFactory; nested exception is org.hibernate.query.NamedQueryValidationException: Errors in named queries: 
  [1] Error in query named 'Product.findActiveByCategoryNamed': Could not interpret path expression 'com.example.ecommerce.entity.ProductStatus.ACTIVE'
2026-08-19T10:27:22.959+05:30  WARN 19924 --- [ecommerce-rest-api] [restartedMain] ConfigServletWebServerApplicationContext : Exception encountered during context initialization - cancelling refresh attempt: org.springframework.beans.factory.BeanCreationException: Error creating bean with name 'entityManagerFactory' defined in class path resource [org/springframework/boot/autoconfigure/orm/jpa/HibernateJpaConfiguration.class]: [PersistenceUnit: default] Unable to build Hibernate SessionFactory; nested exception is org.hibernate.query.NamedQueryValidationException: Errors in named queries: 
  [1] Error in query named 'Product.findActiveByCategoryNamed': Could not interpret path expression 'com.example.ecommerce.entity.ProductStatus.ACTIVE'
2026-08-19T10:27:22.961+05:30  INFO 19924 --- [ecommerce-rest-api] [restartedMain] com.zaxxer.hikari.HikariDataSource       : HikariPool-1 - Shutdown initiated...
2026-08-19T10:27:22.970+05:30  INFO 19924 --- [ecommerce-rest-api] [restartedMain] com.zaxxer.hikari.HikariDataSource       : HikariPool-1 - Shutdown completed.
2026-08-19T10:27:22.974+05:30  INFO 19924 --- [ecommerce-rest-api] [restartedMain] o.apache.catalina.core.StandardService   : Stopping service [Tomcat]
2026-08-19T10:27:23.002+05:30  INFO 19924 --- [ecommerce-rest-api] [restartedMain] .s.b.a.l.ConditionEvaluationReportLogger : 

Error starting ApplicationContext. To display the condition evaluation report re-run your application with 'debug' enabled.
2026-08-19T10:27:23.031+05:30 ERROR 19924 --- [ecommerce-rest-api] [restartedMain] o.s.boot.SpringApplication               : Application run failed

org.springframework.beans.factory.BeanCreationException: Error creating bean with name 'entityManagerFactory' defined in class path resource [org/springframework/boot/autoconfigure/orm/jpa/HibernateJpaConfiguration.class]: [PersistenceUnit: default] Unable to build Hibernate SessionFactory; nested exception is org.hibernate.query.NamedQueryValidationException: Errors in named queries: 
  [1] Error in query named 'Product.findActiveByCategoryNamed': Could not interpret path expression 'com.example.ecommerce.entity.ProductStatus.ACTIVE'
	at org.springframework.beans.factory.support.AbstractAutowireCapableBeanFactory.initializeBean(AbstractAutowireCapableBeanFactory.java:1826) ~[spring-beans-6.2.15.jar:6.2.15]
	at org.springframework.beans.factory.support.AbstractAutowireCapableBeanFactory.doCreateBean(AbstractAutowireCapableBeanFactory.java:607) ~[spring-beans-6.2.15.jar:6.2.15]
	at org.springframework.beans.factory.support.AbstractAutowireCapableBeanFactory.createBean(AbstractAutowireCapableBeanFactory.java:529) ~[spring-beans-6.2.15.jar:6.2.15]
	at org.springframework.beans.factory.support.AbstractBeanFactory.lambda$doGetBean$0(AbstractBeanFactory.java:339) ~[spring-beans-6.2.15.jar:6.2.15]
	at org.springframework.beans.factory.support.DefaultSingletonBeanRegistry.getSingleton(DefaultSingletonBeanRegistry.java:373) ~[spring-beans-6.2.15.jar:6.2.15]
	at org.springframework.beans.factory.support.AbstractBeanFactory.doGetBean(AbstractBeanFactory.java:337) ~[spring-beans-6.2.15.jar:6.2.15]
	at org.springframework.beans.factory.support.AbstractBeanFactory.getBean(AbstractBeanFactory.java:207) ~[spring-beans-6.2.15.jar:6.2.15]
	at org.springframework.context.support.AbstractApplicationContext.finishBeanFactoryInitialization(AbstractApplicationContext.java:973) ~[spring-context-6.2.15.jar:6.2.15]
	at org.springframework.context.support.AbstractApplicationContext.refresh(AbstractApplicationContext.java:627) ~[spring-context-6.2.15.jar:6.2.15]
	at org.springframework.boot.web.servlet.context.ServletWebServerApplicationContext.refresh(ServletWebServerApplicationContext.java:146) ~[spring-boot-3.4.13.jar:3.4.13]
	at org.springframework.boot.SpringApplication.refresh(SpringApplication.java:752) ~[spring-boot-3.4.13.jar:3.4.13]
	at org.springframework.boot.SpringApplication.refreshContext(SpringApplication.java:439) ~[spring-boot-3.4.13.jar:3.4.13]
	at org.springframework.boot.SpringApplication.run(SpringApplication.java:318) ~[spring-boot-3.4.13.jar:3.4.13]
	at org.springframework.boot.SpringApplication.run(SpringApplication.java:1361) ~[spring-boot-3.4.13.jar:3.4.13]
	at org.springframework.boot.SpringApplication.run(SpringApplication.java:1350) ~[spring-boot-3.4.13.jar:3.4.13]
	at com.example.ecommerce.EcommerceApplication.main(EcommerceApplication.java:12) ~[classes/:na]
	at java.base/jdk.internal.reflect.DirectMethodHandleAccessor.invoke(DirectMethodHandleAccessor.java:104) ~[na:na]
	at java.base/java.lang.reflect.Method.invoke(Method.java:565) ~[na:na]
	at org.springframework.boot.devtools.restart.RestartLauncher.run(RestartLauncher.java:50) ~[spring-boot-devtools-3.4.13.jar:3.4.13]
Caused by: jakarta.persistence.PersistenceException: [PersistenceUnit: default] Unable to build Hibernate SessionFactory; nested exception is org.hibernate.query.NamedQueryValidationException: Errors in named queries: 
  [1] Error in query named 'Product.findActiveByCategoryNamed': Could not interpret path expression 'com.example.ecommerce.entity.ProductStatus.ACTIVE'
	at org.springframework.orm.jpa.AbstractEntityManagerFactoryBean.buildNativeEntityManagerFactory(AbstractEntityManagerFactoryBean.java:431) ~[spring-orm-6.2.15.jar:6.2.15]
	at org.springframework.orm.jpa.AbstractEntityManagerFactoryBean.afterPropertiesSet(AbstractEntityManagerFactoryBean.java:400) ~[spring-orm-6.2.15.jar:6.2.15]
	at org.springframework.orm.jpa.LocalContainerEntityManagerFactoryBean.afterPropertiesSet(LocalContainerEntityManagerFactoryBean.java:366) ~[spring-orm-6.2.15.jar:6.2.15]
	at org.springframework.beans.factory.support.AbstractAutowireCapableBeanFactory.invokeInitMethods(AbstractAutowireCapableBeanFactory.java:1873) ~[spring-beans-6.2.15.jar:6.2.15]
	at org.springframework.beans.factory.support.AbstractAutowireCapableBeanFactory.initializeBean(AbstractAutowireCapableBeanFactory.java:1822) ~[spring-beans-6.2.15.jar:6.2.15]
	... 18 common frames omitted
Caused by: org.hibernate.query.NamedQueryValidationException: Errors in named queries: 
  [1] Error in query named 'Product.findActiveByCategoryNamed': Could not interpret path expression 'com.example.ecommerce.entity.ProductStatus.ACTIVE'
	at org.hibernate.query.internal.NamedObjectRepositoryImpl.validateNamedQueries(NamedObjectRepositoryImpl.java:230) ~[hibernate-core-6.6.39.Final.jar:6.6.39.Final]
	at org.hibernate.query.internal.QueryEngineImpl.validateNamedQueries(QueryEngineImpl.java:215) ~[hibernate-core-6.6.39.Final.jar:6.6.39.Final]
	at org.hibernate.boot.internal.SessionFactoryObserverForNamedQueryValidation.sessionFactoryCreated(SessionFactoryObserverForNamedQueryValidation.java:39) ~[hibernate-core-6.6.39.Final.jar:6.6.39.Final]
	at org.hibernate.internal.SessionFactoryObserverChain.sessionFactoryCreated(SessionFactoryObserverChain.java:35) ~[hibernate-core-6.6.39.Final.jar:6.6.39.Final]
	at org.hibernate.internal.SessionFactoryImpl.<init>(SessionFactoryImpl.java:324) ~[hibernate-core-6.6.39.Final.jar:6.6.39.Final]
	at org.hibernate.boot.internal.SessionFactoryBuilderImpl.build(SessionFactoryBuilderImpl.java:463) ~[hibernate-core-6.6.39.Final.jar:6.6.39.Final]
	at org.hibernate.jpa.boot.internal.EntityManagerFactoryBuilderImpl.build(EntityManagerFactoryBuilderImpl.java:1517) ~[hibernate-core-6.6.39.Final.jar:6.6.39.Final]
	at org.springframework.orm.jpa.vendor.SpringHibernateJpaPersistenceProvider.createContainerEntityManagerFactory(SpringHibernateJpaPersistenceProvider.java:66) ~[spring-orm-6.2.15.jar:6.2.15]
	at org.springframework.orm.jpa.LocalContainerEntityManagerFactoryBean.createNativeEntityManagerFactory(LocalContainerEntityManagerFactoryBean.java:390) ~[spring-orm-6.2.15.jar:6.2.15]
	at org.springframework.orm.jpa.AbstractEntityManagerFactoryBean.buildNativeEntityManagerFactory(AbstractEntityManagerFactoryBean.java:419) ~[spring-orm-6.2.15.jar:6.2.15]
	... 22 common frames omitted
	Suppressed: org.hibernate.query.SemanticException: Could not interpret path expression 'com.example.ecommerce.entity.ProductStatus.ACTIVE'
		at org.hibernate.query.hql.internal.BasicDotIdentifierConsumer$BaseLocalSequencePart.resolvePathPart(BasicDotIdentifierConsumer.java:240) ~[hibernate-core-6.6.39.Final.jar:6.6.39.Final]
		at org.hibernate.query.hql.internal.BasicDotIdentifierConsumer.consumeIdentifier(BasicDotIdentifierConsumer.java:92) ~[hibernate-core-6.6.39.Final.jar:6.6.39.Final]
		at org.hibernate.query.hql.internal.SemanticQueryBuilder.visitSimplePath(SemanticQueryBuilder.java:5432) ~[hibernate-core-6.6.39.Final.jar:6.6.39.Final]
		at org.hibernate.query.hql.internal.SemanticQueryBuilder.visitGeneralPathFragment(SemanticQueryBuilder.java:5292) ~[hibernate-core-6.6.39.Final.jar:6.6.39.Final]
		at org.hibernate.query.hql.internal.SemanticQueryBuilder.visitGeneralPathExpression(SemanticQueryBuilder.java:1884) ~[hibernate-core-6.6.39.Final.jar:6.6.39.Final]
		at org.hibernate.grammars.hql.HqlParser$GeneralPathExpressionContext.accept(HqlParser.java:7882) ~[hibernate-core-6.6.39.Final.jar:6.6.39.Final]
		at org.antlr.v4.runtime.tree.AbstractParseTreeVisitor.visitChildren(AbstractParseTreeVisitor.java:46) ~[antlr4-runtime-4.13.0.jar:4.13.0]
		at org.hibernate.grammars.hql.HqlParserBaseVisitor.visitBarePrimaryExpression(HqlParserBaseVisitor.java:749) ~[hibernate-core-6.6.39.Final.jar:6.6.39.Final]
		at org.hibernate.grammars.hql.HqlParser$BarePrimaryExpressionContext.accept(HqlParser.java:7331) ~[hibernate-core-6.6.39.Final.jar:6.6.39.Final]
		at org.hibernate.query.hql.internal.SemanticQueryBuilder.createComparisonPredicate(SemanticQueryBuilder.java:2615) ~[hibernate-core-6.6.39.Final.jar:6.6.39.Final]
		at org.hibernate.query.hql.internal.SemanticQueryBuilder.visitBinaryExpressionPredicate(SemanticQueryBuilder.java:2566) ~[hibernate-core-6.6.39.Final.jar:6.6.39.Final]
		at org.hibernate.query.hql.internal.SemanticQueryBuilder.visitBinaryExpressionPredicate(SemanticQueryBuilder.java:278) ~[hibernate-core-6.6.39.Final.jar:6.6.39.Final]
		at org.hibernate.grammars.hql.HqlParser$BinaryExpressionPredicateContext.accept(HqlParser.java:6264) ~[hibernate-core-6.6.39.Final.jar:6.6.39.Final]
		at org.hibernate.query.hql.internal.SemanticQueryBuilder.visitAndPredicate(SemanticQueryBuilder.java:2400) ~[hibernate-core-6.6.39.Final.jar:6.6.39.Final]
		at org.hibernate.query.hql.internal.SemanticQueryBuilder.visitAndPredicate(SemanticQueryBuilder.java:278) ~[hibernate-core-6.6.39.Final.jar:6.6.39.Final]
		at org.hibernate.grammars.hql.HqlParser$AndPredicateContext.accept(HqlParser.java:6361) ~[hibernate-core-6.6.39.Final.jar:6.6.39.Final]
		at org.hibernate.query.hql.internal.SemanticQueryBuilder.visitWhereClause(SemanticQueryBuilder.java:2382) ~[hibernate-core-6.6.39.Final.jar:6.6.39.Final]
		at org.hibernate.query.hql.internal.SemanticQueryBuilder.visitWhereClause(SemanticQueryBuilder.java:278) ~[hibernate-core-6.6.39.Final.jar:6.6.39.Final]
		at org.hibernate.grammars.hql.HqlParser$WhereClauseContext.accept(HqlParser.java:6192) ~[hibernate-core-6.6.39.Final.jar:6.6.39.Final]
		at org.hibernate.query.hql.internal.SemanticQueryBuilder.visitQuery(SemanticQueryBuilder.java:1252) ~[hibernate-core-6.6.39.Final.jar:6.6.39.Final]
		at org.hibernate.query.hql.internal.SemanticQueryBuilder.visitQuerySpecExpression(SemanticQueryBuilder.java:1029) ~[hibernate-core-6.6.39.Final.jar:6.6.39.Final]
		at org.hibernate.query.hql.internal.SemanticQueryBuilder.visitQuerySpecExpression(SemanticQueryBuilder.java:278) ~[hibernate-core-6.6.39.Final.jar:6.6.39.Final]
		at org.hibernate.grammars.hql.HqlParser$QuerySpecExpressionContext.accept(HqlParser.java:2077) ~[hibernate-core-6.6.39.Final.jar:6.6.39.Final]
		at org.hibernate.query.hql.internal.SemanticQueryBuilder.visitQueryExpression(SemanticQueryBuilder.java:1063) ~[hibernate-core-6.6.39.Final.jar:6.6.39.Final]
		at org.hibernate.query.hql.internal.SemanticQueryBuilder.visitQueryExpression(SemanticQueryBuilder.java:278) ~[hibernate-core-6.6.39.Final.jar:6.6.39.Final]
		at org.hibernate.grammars.hql.HqlParser$QueryExpressionContext.accept(HqlParser.java:1973) ~[hibernate-core-6.6.39.Final.jar:6.6.39.Final]
		at org.hibernate.query.hql.internal.SemanticQueryBuilder.visitSelectStatement(SemanticQueryBuilder.java:493) ~[hibernate-core-6.6.39.Final.jar:6.6.39.Final]
		at org.hibernate.query.hql.internal.SemanticQueryBuilder.visitStatement(SemanticQueryBuilder.java:452) ~[hibernate-core-6.6.39.Final.jar:6.6.39.Final]
		at org.hibernate.query.hql.internal.SemanticQueryBuilder.buildSemanticModel(SemanticQueryBuilder.java:325) ~[hibernate-core-6.6.39.Final.jar:6.6.39.Final]
		at org.hibernate.query.hql.internal.StandardHqlTranslator.translate(StandardHqlTranslator.java:71) ~[hibernate-core-6.6.39.Final.jar:6.6.39.Final]
		at org.hibernate.query.internal.QueryInterpretationCacheStandardImpl.createHqlInterpretation(QueryInterpretationCacheStandardImpl.java:145) ~[hibernate-core-6.6.39.Final.jar:6.6.39.Final]
		at org.hibernate.query.internal.QueryInterpretationCacheStandardImpl.resolveHqlInterpretation(QueryInterpretationCacheStandardImpl.java:132) ~[hibernate-core-6.6.39.Final.jar:6.6.39.Final]
		at org.hibernate.query.internal.NamedObjectRepositoryImpl.checkNamedQueries(NamedObjectRepositoryImpl.java:249) ~[hibernate-core-6.6.39.Final.jar:6.6.39.Final]
		at org.hibernate.query.internal.NamedObjectRepositoryImpl.validateNamedQueries(NamedObjectRepositoryImpl.java:219) ~[hibernate-core-6.6.39.Final.jar:6.6.39.Final]
		... 31 common frames omitted

2026-08-19T10:33:40.128+05:30  INFO 15920 --- [ecommerce-rest-api] [restartedMain] c.e.ecommerce.EcommerceApplication       : Starting EcommerceApplication using Java 25 with PID 15920 (C:\Users\Admin\OneDrive\Desktop\Java Traingin stackly\Springboot_Projects\ecommerce-rest-api\ecommerce-rest-api\target\classes started by Admin in C:\Users\Admin\OneDrive\Desktop\Java Traingin stackly\Springboot_Projects\ecommerce-rest-api)
2026-08-19T10:33:40.131+05:30 DEBUG 15920 --- [ecommerce-rest-api] [restartedMain] c.e.ecommerce.EcommerceApplication       : Running with Spring Boot v3.4.13, Spring v6.2.15
2026-08-19T10:33:40.132+05:30  INFO 15920 --- [ecommerce-rest-api] [restartedMain] c.e.ecommerce.EcommerceApplication       : No active profile set, falling back to 1 default profile: "default"
2026-08-19T10:33:40.204+05:30  INFO 15920 --- [ecommerce-rest-api] [restartedMain] .e.DevToolsPropertyDefaultsPostProcessor : Devtools property defaults active! Set 'spring.devtools.add-properties' to 'false' to disable
2026-08-19T10:33:40.204+05:30  INFO 15920 --- [ecommerce-rest-api] [restartedMain] .e.DevToolsPropertyDefaultsPostProcessor : For additional web related logging consider setting the 'logging.level.web' property to 'DEBUG'
2026-08-19T10:33:41.977+05:30  INFO 15920 --- [ecommerce-rest-api] [restartedMain] .s.d.r.c.RepositoryConfigurationDelegate : Bootstrapping Spring Data JPA repositories in DEFAULT mode.
2026-08-19T10:33:42.096+05:30  INFO 15920 --- [ecommerce-rest-api] [restartedMain] .s.d.r.c.RepositoryConfigurationDelegate : Finished Spring Data repository scanning in 108 ms. Found 7 JPA repository interfaces.
2026-08-19T10:33:43.140+05:30  INFO 15920 --- [ecommerce-rest-api] [restartedMain] o.s.b.w.embedded.tomcat.TomcatWebServer  : Tomcat initialized with port 8080 (http)
2026-08-19T10:33:43.161+05:30  INFO 15920 --- [ecommerce-rest-api] [restartedMain] o.apache.catalina.core.StandardService   : Starting service [Tomcat]
2026-08-19T10:33:43.162+05:30  INFO 15920 --- [ecommerce-rest-api] [restartedMain] o.apache.catalina.core.StandardEngine    : Starting Servlet engine: [Apache Tomcat/10.1.50]
2026-08-19T10:33:43.236+05:30  INFO 15920 --- [ecommerce-rest-api] [restartedMain] o.a.c.c.C.[Tomcat].[localhost].[/]       : Initializing Spring embedded WebApplicationContext
2026-08-19T10:33:43.236+05:30  INFO 15920 --- [ecommerce-rest-api] [restartedMain] w.s.c.ServletWebServerApplicationContext : Root WebApplicationContext: initialization completed in 3031 ms
2026-08-19T10:33:43.611+05:30  INFO 15920 --- [ecommerce-rest-api] [restartedMain] o.hibernate.jpa.internal.util.LogHelper  : HHH000204: Processing PersistenceUnitInfo [name: default]
2026-08-19T10:33:43.735+05:30  INFO 15920 --- [ecommerce-rest-api] [restartedMain] org.hibernate.Version                    : HHH000412: Hibernate ORM core version 6.6.39.Final
2026-08-19T10:33:43.805+05:30  INFO 15920 --- [ecommerce-rest-api] [restartedMain] o.h.c.internal.RegionFactoryInitiator    : HHH000026: Second-level cache disabled
2026-08-19T10:33:44.223+05:30  INFO 15920 --- [ecommerce-rest-api] [restartedMain] o.s.o.j.p.SpringPersistenceUnitInfo      : No LoadTimeWeaver setup: ignoring JPA class transformer
2026-08-19T10:33:44.263+05:30  INFO 15920 --- [ecommerce-rest-api] [restartedMain] com.zaxxer.hikari.HikariDataSource       : HikariPool-1 - Starting...
2026-08-19T10:33:44.500+05:30  INFO 15920 --- [ecommerce-rest-api] [restartedMain] com.zaxxer.hikari.pool.HikariPool        : HikariPool-1 - Added connection com.mysql.cj.jdbc.ConnectionImpl@68c30f37
2026-08-19T10:33:44.503+05:30  INFO 15920 --- [ecommerce-rest-api] [restartedMain] com.zaxxer.hikari.HikariDataSource       : HikariPool-1 - Start completed.
2026-08-19T10:33:44.620+05:30  INFO 15920 --- [ecommerce-rest-api] [restartedMain] org.hibernate.orm.connections.pooling    : HHH10001005: Database info:
	Database JDBC URL [Connecting through datasource 'HikariDataSource (HikariPool-1)']
	Database driver: undefined/unknown
	Database version: 8.0.42
	Autocommit mode: undefined/unknown
	Isolation level: undefined/unknown
	Minimum pool size: undefined/unknown
	Maximum pool size: undefined/unknown
2026-08-19T10:33:47.454+05:30  INFO 15920 --- [ecommerce-rest-api] [restartedMain] o.h.e.t.j.p.i.JtaPlatformInitiator       : HHH000489: No JTA platform available (set 'hibernate.transaction.jta.platform' to enable JTA platform integration)
2026-08-19T10:33:48.016+05:30  INFO 15920 --- [ecommerce-rest-api] [restartedMain] j.LocalContainerEntityManagerFactoryBean : Initialized JPA EntityManagerFactory for persistence unit 'default'
2026-08-19T10:33:48.420+05:30  INFO 15920 --- [ecommerce-rest-api] [restartedMain] o.s.d.j.r.query.QueryEnhancerFactory     : Hibernate is in classpath; If applicable, HQL parser will be used.
2026-08-19T10:33:49.139+05:30  WARN 15920 --- [ecommerce-rest-api] [restartedMain] JpaBaseConfiguration$JpaWebConfiguration : spring.jpa.open-in-view is enabled by default. Therefore, database queries may be performed during view rendering. Explicitly configure spring.jpa.open-in-view to disable this warning
2026-08-19T10:33:50.485+05:30  INFO 15920 --- [ecommerce-rest-api] [restartedMain] o.s.b.d.a.OptionalLiveReloadServer       : LiveReload server is running on port 35729
2026-08-19T10:33:50.494+05:30  INFO 15920 --- [ecommerce-rest-api] [restartedMain] o.s.b.a.e.web.EndpointLinksResolver      : Exposing 4 endpoints beneath base path '/actuator'
2026-08-19T10:33:50.595+05:30  INFO 15920 --- [ecommerce-rest-api] [restartedMain] o.s.b.w.embedded.tomcat.TomcatWebServer  : Tomcat started on port 8080 (http) with context path '/'
2026-08-19T10:33:50.618+05:30  INFO 15920 --- [ecommerce-rest-api] [restartedMain] c.e.ecommerce.EcommerceApplication       : Started EcommerceApplication in 11.178 seconds (process running for 11.928)
2026-08-19T10:33:50.770+05:30 DEBUG 15920 --- [ecommerce-rest-api] [scheduling-1] c.e.e.scheduler.CartCleanupScheduler     : No abandoned carts found.
2026-08-19T10:33:50.791+05:30  WARN 15920 --- [ecommerce-rest-api] [restartedMain] o.s.core.events.SpringDocAppInitializer  : SpringDoc /v3/api-docs endpoint is enabled by default. To disable it in production, set the property 'springdoc.api-docs.enabled=false'
2026-08-19T10:33:50.797+05:30 DEBUG 15920 --- [ecommerce-rest-api] [scheduling-1] c.e.e.s.OrderCancellationScheduler       : No expired pending orders found.
2026-08-19T10:34:32.773+05:30  INFO 15920 --- [ecommerce-rest-api] [http-nio-8080-exec-1] o.a.c.c.C.[Tomcat].[localhost].[/]       : Initializing Spring DispatcherServlet 'dispatcherServlet'
2026-08-19T10:34:32.777+05:30  INFO 15920 --- [ecommerce-rest-api] [http-nio-8080-exec-1] o.s.web.servlet.DispatcherServlet        : Initializing Servlet 'dispatcherServlet'
2026-08-19T10:34:32.777+05:30  INFO 15920 --- [ecommerce-rest-api] [http-nio-8080-exec-1] o.s.web.servlet.DispatcherServlet        : Completed initialization in 0 ms
2026-08-19T10:34:33.892+05:30  INFO 15920 --- [ecommerce-rest-api] [http-nio-8080-exec-5] o.springdoc.api.AbstractOpenApiResource  : Init duration for springdoc-openapi is: 787 ms
2026-08-19T10:35:23.037+05:30  WARN 15920 --- [ecommerce-rest-api] [http-nio-8080-exec-10] .m.m.a.ExceptionHandlerExceptionResolver : Resolved [org.springframework.web.bind.MethodArgumentNotValidException: Validation failed for argument [0] in public org.springframework.http.ResponseEntity<com.example.ecommerce.dto.customer.CustomerResponseDto> com.example.ecommerce.controller.v1.CustomerController.create(com.example.ecommerce.dto.customer.CustomerRequestDto): [Field error in object 'customerRequestDto' on field 'phone': rejected value [630540995]; codes [Pattern.customerRequestDto.phone,Pattern.phone,Pattern.java.lang.String,Pattern]; arguments [org.springframework.context.support.DefaultMessageSourceResolvable: codes [customerRequestDto.phone,phone]; arguments []; default message [phone],[Ljakarta.validation.constraints.Pattern$Flag;@4d3df86,^[0-9]{10}$]; default message [Phone should be 10 digits]] ]
2026-08-19T10:35:24.947+05:30  WARN 15920 --- [ecommerce-rest-api] [http-nio-8080-exec-1] .m.m.a.ExceptionHandlerExceptionResolver : Resolved [org.springframework.web.bind.MethodArgumentNotValidException: Validation failed for argument [0] in public org.springframework.http.ResponseEntity<com.example.ecommerce.dto.customer.CustomerResponseDto> com.example.ecommerce.controller.v1.CustomerController.create(com.example.ecommerce.dto.customer.CustomerRequestDto): [Field error in object 'customerRequestDto' on field 'phone': rejected value [630540995]; codes [Pattern.customerRequestDto.phone,Pattern.phone,Pattern.java.lang.String,Pattern]; arguments [org.springframework.context.support.DefaultMessageSourceResolvable: codes [customerRequestDto.phone,phone]; arguments []; default message [phone],[Ljakarta.validation.constraints.Pattern$Flag;@4d3df86,^[0-9]{10}$]; default message [Phone should be 10 digits]] ]
2026-08-19T10:35:32.154+05:30  WARN 15920 --- [ecommerce-rest-api] [http-nio-8080-exec-3] .m.m.a.ExceptionHandlerExceptionResolver : Resolved [org.springframework.web.bind.MethodArgumentNotValidException: Validation failed for argument [0] in public org.springframework.http.ResponseEntity<com.example.ecommerce.dto.customer.CustomerResponseDto> com.example.ecommerce.controller.v1.CustomerController.create(com.example.ecommerce.dto.customer.CustomerRequestDto): [Field error in object 'customerRequestDto' on field 'phone': rejected value [630540995]; codes [Pattern.customerRequestDto.phone,Pattern.phone,Pattern.java.lang.String,Pattern]; arguments [org.springframework.context.support.DefaultMessageSourceResolvable: codes [customerRequestDto.phone,phone]; arguments []; default message [phone],[Ljakarta.validation.constraints.Pattern$Flag;@4d3df86,^[0-9]{10}$]; default message [Phone should be 10 digits]] ]
2026-08-19T10:35:50.413+05:30  INFO 15920 --- [ecommerce-rest-api] [http-nio-8080-exec-7] c.e.e.service.impl.CustomerServiceImpl   : Creating customer with email: siddu@example.com
2026-08-19T10:35:50.553+05:30  INFO 15920 --- [ecommerce-rest-api] [http-nio-8080-exec-7] c.e.e.service.impl.CustomerServiceImpl   : Customer created successfully with ID: 5
2026-08-19T10:36:22.267+05:30  WARN 15920 --- [ecommerce-rest-api] [http-nio-8080-exec-5] .m.m.a.ExceptionHandlerExceptionResolver : Resolved [org.springframework.web.servlet.resource.NoResourceFoundException: No static resource favicon.ico.]
2026-08-19T10:38:50.628+05:30 DEBUG 15920 --- [ecommerce-rest-api] [scheduling-1] c.e.e.scheduler.CartCleanupScheduler     : No abandoned carts found.
2026-08-19T10:38:50.639+05:30 DEBUG 15920 --- [ecommerce-rest-api] [scheduling-1] c.e.e.s.OrderCancellationScheduler       : No expired pending orders found.
2026-08-19T10:43:50.600+05:30 DEBUG 15920 --- [ecommerce-rest-api] [scheduling-1] c.e.e.scheduler.CartCleanupScheduler     : No abandoned carts found.
2026-08-19T10:43:50.604+05:30 DEBUG 15920 --- [ecommerce-rest-api] [scheduling-1] c.e.e.s.OrderCancellationScheduler       : No expired pending orders found.
2026-08-19T11:36:40.836+05:30  WARN 15920 --- [ecommerce-rest-api] [HikariPool-1 housekeeper] com.zaxxer.hikari.pool.HikariPool        : HikariPool-1 - Thread starvation or clock leap detected (housekeeper delta=52m26s64ms552µs900ns).
2026-08-19T11:40:46.663+05:30 DEBUG 15920 --- [ecommerce-rest-api] [scheduling-1] c.e.e.scheduler.CartCleanupScheduler     : No abandoned carts found.
2026-08-19T11:40:46.663+05:30 DEBUG 15920 --- [ecommerce-rest-api] [scheduling-1] c.e.e.s.OrderCancellationScheduler       : No expired pending orders found.
2026-08-19T11:40:46.663+05:30 DEBUG 15920 --- [ecommerce-rest-api] [scheduling-1] c.e.e.scheduler.CartCleanupScheduler     : No abandoned carts found.
2026-08-19T11:40:46.678+05:30 DEBUG 15920 --- [ecommerce-rest-api] [scheduling-1] c.e.e.s.OrderCancellationScheduler       : No expired pending orders found.
2026-08-19T11:40:46.684+05:30 DEBUG 15920 --- [ecommerce-rest-api] [scheduling-1] c.e.e.scheduler.CartCleanupScheduler     : No abandoned carts found.
2026-08-19T11:40:46.688+05:30 DEBUG 15920 --- [ecommerce-rest-api] [scheduling-1] c.e.e.s.OrderCancellationScheduler       : No expired pending orders found.
2026-08-19T11:40:46.690+05:30 DEBUG 15920 --- [ecommerce-rest-api] [scheduling-1] c.e.e.scheduler.CartCleanupScheduler     : No abandoned carts found.
2026-08-19T11:40:46.695+05:30 DEBUG 15920 --- [ecommerce-rest-api] [scheduling-1] c.e.e.s.OrderCancellationScheduler       : No expired pending orders found.
2026-08-19T11:40:46.701+05:30 DEBUG 15920 --- [ecommerce-rest-api] [scheduling-1] c.e.e.scheduler.CartCleanupScheduler     : No abandoned carts found.
2026-08-19T11:40:46.701+05:30 DEBUG 15920 --- [ecommerce-rest-api] [scheduling-1] c.e.e.s.OrderCancellationScheduler       : No expired pending orders found.
2026-08-19T11:40:46.701+05:30 DEBUG 15920 --- [ecommerce-rest-api] [scheduling-1] c.e.e.scheduler.CartCleanupScheduler     : No abandoned carts found.
2026-08-19T11:40:46.712+05:30 DEBUG 15920 --- [ecommerce-rest-api] [scheduling-1] c.e.e.s.OrderCancellationScheduler       : No expired pending orders found.
2026-08-19T11:40:46.713+05:30 DEBUG 15920 --- [ecommerce-rest-api] [scheduling-1] c.e.e.scheduler.CartCleanupScheduler     : No abandoned carts found.
2026-08-19T11:40:46.713+05:30 DEBUG 15920 --- [ecommerce-rest-api] [scheduling-1] c.e.e.s.OrderCancellationScheduler       : No expired pending orders found.
2026-08-19T11:40:46.724+05:30 DEBUG 15920 --- [ecommerce-rest-api] [scheduling-1] c.e.e.scheduler.CartCleanupScheduler     : No abandoned carts found.
2026-08-19T11:40:46.729+05:30 DEBUG 15920 --- [ecommerce-rest-api] [scheduling-1] c.e.e.s.OrderCancellationScheduler       : No expired pending orders found.
2026-08-19T11:40:46.732+05:30 DEBUG 15920 --- [ecommerce-rest-api] [scheduling-1] c.e.e.scheduler.CartCleanupScheduler     : No abandoned carts found.
2026-08-19T11:40:46.736+05:30 DEBUG 15920 --- [ecommerce-rest-api] [scheduling-1] c.e.e.s.OrderCancellationScheduler       : No expired pending orders found.
2026-08-19T11:40:46.740+05:30 DEBUG 15920 --- [ecommerce-rest-api] [scheduling-1] c.e.e.scheduler.CartCleanupScheduler     : No abandoned carts found.
2026-08-19T11:40:46.743+05:30 DEBUG 15920 --- [ecommerce-rest-api] [scheduling-1] c.e.e.s.OrderCancellationScheduler       : No expired pending orders found.
2026-08-19T11:40:46.746+05:30 DEBUG 15920 --- [ecommerce-rest-api] [scheduling-1] c.e.e.scheduler.CartCleanupScheduler     : No abandoned carts found.
2026-08-19T11:40:46.746+05:30 DEBUG 15920 --- [ecommerce-rest-api] [scheduling-1] c.e.e.s.OrderCancellationScheduler       : No expired pending orders found.
2026-08-19T11:43:50.601+05:30 DEBUG 15920 --- [ecommerce-rest-api] [scheduling-1] c.e.e.scheduler.CartCleanupScheduler     : No abandoned carts found.
2026-08-19T11:43:50.605+05:30 DEBUG 15920 --- [ecommerce-rest-api] [scheduling-1] c.e.e.s.OrderCancellationScheduler       : No expired pending orders found.
2026-08-19T11:48:50.596+05:30 DEBUG 15920 --- [ecommerce-rest-api] [scheduling-1] c.e.e.scheduler.CartCleanupScheduler     : No abandoned carts found.
2026-08-19T11:48:50.596+05:30 DEBUG 15920 --- [ecommerce-rest-api] [scheduling-1] c.e.e.s.OrderCancellationScheduler       : No expired pending orders found.
2026-08-19T11:53:50.597+05:30 DEBUG 15920 --- [ecommerce-rest-api] [scheduling-1] c.e.e.scheduler.CartCleanupScheduler     : No abandoned carts found.
2026-08-19T11:53:50.603+05:30 DEBUG 15920 --- [ecommerce-rest-api] [scheduling-1] c.e.e.s.OrderCancellationScheduler       : No expired pending orders found.
2026-08-19T11:58:50.596+05:30 DEBUG 15920 --- [ecommerce-rest-api] [scheduling-1] c.e.e.scheduler.CartCleanupScheduler     : No abandoned carts found.
2026-08-19T11:58:50.601+05:30 DEBUG 15920 --- [ecommerce-rest-api] [scheduling-1] c.e.e.s.OrderCancellationScheduler       : No expired pending orders found.
2026-08-19T12:01:56.234+05:30  INFO 15920 --- [ecommerce-rest-api] [SpringApplicationShutdownHook] o.s.b.w.e.tomcat.GracefulShutdown        : Commencing graceful shutdown. Waiting for active requests to complete
2026-08-19T12:01:56.246+05:30  INFO 15920 --- [ecommerce-rest-api] [tomcat-shutdown] o.s.b.w.e.tomcat.GracefulShutdown        : Graceful shutdown complete
2026-08-19T12:01:56.254+05:30  INFO 15920 --- [ecommerce-rest-api] [SpringApplicationShutdownHook] j.LocalContainerEntityManagerFactoryBean : Closing JPA EntityManagerFactory for persistence unit 'default'
2026-08-19T12:01:56.259+05:30  INFO 15920 --- [ecommerce-rest-api] [SpringApplicationShutdownHook] com.zaxxer.hikari.HikariDataSource       : HikariPool-1 - Shutdown initiated...
2026-08-19T12:01:56.263+05:30  INFO 15920 --- [ecommerce-rest-api] [SpringApplicationShutdownHook] com.zaxxer.hikari.HikariDataSource       : HikariPool-1 - Shutdown completed.
2026-08-19T12:18:48.951+05:30  INFO 10484 --- [ecommerce-rest-api] [restartedMain] c.e.ecommerce.EcommerceApplication       : Starting EcommerceApplication using Java 25 with PID 10484 (C:\Users\Admin\OneDrive\Desktop\Java Traingin stackly\Springboot_Projects\ecommerce-rest-api\ecommerce-rest-api\target\classes started by Admin in C:\Users\Admin\OneDrive\Desktop\Java Traingin stackly\Springboot_Projects\ecommerce-rest-api)
2026-08-19T12:18:48.954+05:30 DEBUG 10484 --- [ecommerce-rest-api] [restartedMain] c.e.ecommerce.EcommerceApplication       : Running with Spring Boot v3.4.13, Spring v6.2.15
2026-08-19T12:18:48.955+05:30  INFO 10484 --- [ecommerce-rest-api] [restartedMain] c.e.ecommerce.EcommerceApplication       : No active profile set, falling back to 1 default profile: "default"
2026-08-19T12:18:49.041+05:30  INFO 10484 --- [ecommerce-rest-api] [restartedMain] .e.DevToolsPropertyDefaultsPostProcessor : Devtools property defaults active! Set 'spring.devtools.add-properties' to 'false' to disable
2026-08-19T12:18:49.041+05:30  INFO 10484 --- [ecommerce-rest-api] [restartedMain] .e.DevToolsPropertyDefaultsPostProcessor : For additional web related logging consider setting the 'logging.level.web' property to 'DEBUG'
2026-08-19T12:18:50.598+05:30  INFO 10484 --- [ecommerce-rest-api] [restartedMain] .s.d.r.c.RepositoryConfigurationDelegate : Bootstrapping Spring Data JPA repositories in DEFAULT mode.
2026-08-19T12:18:50.738+05:30  INFO 10484 --- [ecommerce-rest-api] [restartedMain] .s.d.r.c.RepositoryConfigurationDelegate : Finished Spring Data repository scanning in 128 ms. Found 7 JPA repository interfaces.
2026-08-19T12:18:51.780+05:30  INFO 10484 --- [ecommerce-rest-api] [restartedMain] o.s.b.w.embedded.tomcat.TomcatWebServer  : Tomcat initialized with port 8080 (http)
2026-08-19T12:18:51.801+05:30  INFO 10484 --- [ecommerce-rest-api] [restartedMain] o.apache.catalina.core.StandardService   : Starting service [Tomcat]
2026-08-19T12:18:51.802+05:30  INFO 10484 --- [ecommerce-rest-api] [restartedMain] o.apache.catalina.core.StandardEngine    : Starting Servlet engine: [Apache Tomcat/10.1.50]
2026-08-19T12:18:51.861+05:30  INFO 10484 --- [ecommerce-rest-api] [restartedMain] o.a.c.c.C.[Tomcat].[localhost].[/]       : Initializing Spring embedded WebApplicationContext
2026-08-19T12:18:51.861+05:30  INFO 10484 --- [ecommerce-rest-api] [restartedMain] w.s.c.ServletWebServerApplicationContext : Root WebApplicationContext: initialization completed in 2819 ms
2026-08-19T12:18:52.191+05:30  INFO 10484 --- [ecommerce-rest-api] [restartedMain] o.hibernate.jpa.internal.util.LogHelper  : HHH000204: Processing PersistenceUnitInfo [name: default]
2026-08-19T12:18:52.272+05:30  INFO 10484 --- [ecommerce-rest-api] [restartedMain] org.hibernate.Version                    : HHH000412: Hibernate ORM core version 6.6.39.Final
2026-08-19T12:18:52.319+05:30  INFO 10484 --- [ecommerce-rest-api] [restartedMain] o.h.c.internal.RegionFactoryInitiator    : HHH000026: Second-level cache disabled
2026-08-19T12:18:52.727+05:30  INFO 10484 --- [ecommerce-rest-api] [restartedMain] o.s.o.j.p.SpringPersistenceUnitInfo      : No LoadTimeWeaver setup: ignoring JPA class transformer
2026-08-19T12:18:52.766+05:30  INFO 10484 --- [ecommerce-rest-api] [restartedMain] com.zaxxer.hikari.HikariDataSource       : HikariPool-1 - Starting...
2026-08-19T12:18:53.414+05:30  INFO 10484 --- [ecommerce-rest-api] [restartedMain] com.zaxxer.hikari.pool.HikariPool        : HikariPool-1 - Added connection com.mysql.cj.jdbc.ConnectionImpl@664e18c9
2026-08-19T12:18:53.414+05:30  INFO 10484 --- [ecommerce-rest-api] [restartedMain] com.zaxxer.hikari.HikariDataSource       : HikariPool-1 - Start completed.
2026-08-19T12:18:53.566+05:30  INFO 10484 --- [ecommerce-rest-api] [restartedMain] org.hibernate.orm.connections.pooling    : HHH10001005: Database info:
	Database JDBC URL [Connecting through datasource 'HikariDataSource (HikariPool-1)']
	Database driver: undefined/unknown
	Database version: 8.0.42
	Autocommit mode: undefined/unknown
	Isolation level: undefined/unknown
	Minimum pool size: undefined/unknown
	Maximum pool size: undefined/unknown
2026-08-19T12:18:55.106+05:30  INFO 10484 --- [ecommerce-rest-api] [restartedMain] o.h.e.t.j.p.i.JtaPlatformInitiator       : HHH000489: No JTA platform available (set 'hibernate.transaction.jta.platform' to enable JTA platform integration)
2026-08-19T12:18:55.565+05:30  INFO 10484 --- [ecommerce-rest-api] [restartedMain] j.LocalContainerEntityManagerFactoryBean : Initialized JPA EntityManagerFactory for persistence unit 'default'
2026-08-19T12:18:56.624+05:30  INFO 10484 --- [ecommerce-rest-api] [restartedMain] o.s.d.j.r.query.QueryEnhancerFactory     : Hibernate is in classpath; If applicable, HQL parser will be used.
2026-08-19T12:18:57.288+05:30  WARN 10484 --- [ecommerce-rest-api] [restartedMain] JpaBaseConfiguration$JpaWebConfiguration : spring.jpa.open-in-view is enabled by default. Therefore, database queries may be performed during view rendering. Explicitly configure spring.jpa.open-in-view to disable this warning
2026-08-19T12:18:58.040+05:30  INFO 10484 --- [ecommerce-rest-api] [restartedMain] o.s.b.d.a.OptionalLiveReloadServer       : LiveReload server is running on port 35729
2026-08-19T12:18:58.040+05:30  INFO 10484 --- [ecommerce-rest-api] [restartedMain] o.s.b.a.e.web.EndpointLinksResolver      : Exposing 4 endpoints beneath base path '/actuator'
2026-08-19T12:18:58.145+05:30  INFO 10484 --- [ecommerce-rest-api] [restartedMain] o.s.b.w.embedded.tomcat.TomcatWebServer  : Tomcat started on port 8080 (http) with context path '/'
2026-08-19T12:18:58.162+05:30  INFO 10484 --- [ecommerce-rest-api] [restartedMain] c.e.ecommerce.EcommerceApplication       : Started EcommerceApplication in 9.952 seconds (process running for 10.952)
2026-08-19T12:18:58.326+05:30  WARN 10484 --- [ecommerce-rest-api] [restartedMain] o.s.core.events.SpringDocAppInitializer  : SpringDoc /v3/api-docs endpoint is enabled by default. To disable it in production, set the property 'springdoc.api-docs.enabled=false'
2026-08-19T12:18:58.326+05:30 DEBUG 10484 --- [ecommerce-rest-api] [scheduling-1] c.e.e.scheduler.CartCleanupScheduler     : No abandoned carts found.
2026-08-19T12:18:58.359+05:30 DEBUG 10484 --- [ecommerce-rest-api] [scheduling-1] c.e.e.s.OrderCancellationScheduler       : No expired pending orders found.
2026-08-19T12:19:10.819+05:30  INFO 10484 --- [ecommerce-rest-api] [http-nio-8080-exec-1] o.a.c.c.C.[Tomcat].[localhost].[/]       : Initializing Spring DispatcherServlet 'dispatcherServlet'
2026-08-19T12:19:10.819+05:30  INFO 10484 --- [ecommerce-rest-api] [http-nio-8080-exec-1] o.s.web.servlet.DispatcherServlet        : Initializing Servlet 'dispatcherServlet'
2026-08-19T12:19:10.821+05:30  INFO 10484 --- [ecommerce-rest-api] [http-nio-8080-exec-1] o.s.web.servlet.DispatcherServlet        : Completed initialization in 2 ms
2026-08-19T12:19:11.783+05:30  INFO 10484 --- [ecommerce-rest-api] [http-nio-8080-exec-4] o.springdoc.api.AbstractOpenApiResource  : Init duration for springdoc-openapi is: 686 ms
2026-08-19T12:23:58.183+05:30 DEBUG 10484 --- [ecommerce-rest-api] [scheduling-1] c.e.e.scheduler.CartCleanupScheduler     : No abandoned carts found.
2026-08-19T12:23:58.187+05:30 DEBUG 10484 --- [ecommerce-rest-api] [scheduling-1] c.e.e.s.OrderCancellationScheduler       : No expired pending orders found.
2026-08-19T12:28:41.859+05:30  INFO 10484 --- [ecommerce-rest-api] [http-nio-8080-exec-6] c.e.e.service.impl.CustomerServiceImpl   : Creating customer with email: anna.reddy@example.com
2026-08-19T12:28:42.036+05:30  INFO 10484 --- [ecommerce-rest-api] [http-nio-8080-exec-6] c.e.e.service.impl.CustomerServiceImpl   : Customer created successfully with ID: 6
2026-08-19T12:28:58.173+05:30 DEBUG 10484 --- [ecommerce-rest-api] [scheduling-1] c.e.e.scheduler.CartCleanupScheduler     : No abandoned carts found.
2026-08-19T12:28:58.177+05:30 DEBUG 10484 --- [ecommerce-rest-api] [scheduling-1] c.e.e.s.OrderCancellationScheduler       : No expired pending orders found.
2026-08-19T12:29:00.678+05:30  INFO 10484 --- [ecommerce-rest-api] [http-nio-8080-exec-9] c.e.e.service.impl.CustomerServiceImpl   : Creating customer with email: kittu.reddy@example.com
2026-08-19T12:29:00.697+05:30  WARN 10484 --- [ecommerce-rest-api] [http-nio-8080-exec-9] .m.m.a.ExceptionHandlerExceptionResolver : Resolved [com.example.ecommerce.exception.DuplicateResourceException: Customer already exists with email: kittu.reddy@example.com]
2026-08-19T12:29:14.548+05:30  INFO 10484 --- [ecommerce-rest-api] [http-nio-8080-exec-10] c.e.e.service.impl.CustomerServiceImpl   : Creating customer with email: Ravi.reddy@example.com
2026-08-19T12:29:14.556+05:30  INFO 10484 --- [ecommerce-rest-api] [http-nio-8080-exec-10] c.e.e.service.impl.CustomerServiceImpl   : Customer created successfully with ID: 7
2026-08-19T12:29:32.270+05:30  INFO 10484 --- [ecommerce-rest-api] [http-nio-8080-exec-1] c.e.e.service.impl.CustomerServiceImpl   : Creating customer with email: kittu.reddy@example.com
2026-08-19T12:29:32.280+05:30  WARN 10484 --- [ecommerce-rest-api] [http-nio-8080-exec-1] .m.m.a.ExceptionHandlerExceptionResolver : Resolved [com.example.ecommerce.exception.DuplicateResourceException: Customer already exists with email: kittu.reddy@example.com]
2026-08-19T12:29:44.765+05:30  INFO 10484 --- [ecommerce-rest-api] [http-nio-8080-exec-2] c.e.e.service.impl.CustomerServiceImpl   : Creating customer with email: ramesh.reddy@example.com
2026-08-19T12:29:44.774+05:30  INFO 10484 --- [ecommerce-rest-api] [http-nio-8080-exec-2] c.e.e.service.impl.CustomerServiceImpl   : Customer created successfully with ID: 8
2026-08-19T12:30:06.726+05:30  INFO 10484 --- [ecommerce-rest-api] [http-nio-8080-exec-3] c.e.e.service.impl.CustomerServiceImpl   : Updating customer with ID: 1
2026-08-19T12:30:06.750+05:30  WARN 10484 --- [ecommerce-rest-api] [http-nio-8080-exec-3] .m.m.a.ExceptionHandlerExceptionResolver : Resolved [com.example.ecommerce.exception.DuplicateResourceException: Email already exists: mohan.reddy@example.com]
2026-08-19T12:30:16.651+05:30  INFO 10484 --- [ecommerce-rest-api] [http-nio-8080-exec-4] c.e.e.service.impl.CustomerServiceImpl   : Updating customer with ID: 1
2026-08-19T12:30:16.658+05:30  INFO 10484 --- [ecommerce-rest-api] [http-nio-8080-exec-4] c.e.e.service.impl.CustomerServiceImpl   : Customer updated successfully with ID: 1
2026-08-19T12:30:29.573+05:30  INFO 10484 --- [ecommerce-rest-api] [http-nio-8080-exec-7] c.e.e.service.impl.ProductServiceImpl    : Creating product: Wireless Mechanical Keyboard
2026-08-19T12:30:29.596+05:30  INFO 10484 --- [ecommerce-rest-api] [http-nio-8080-exec-7] c.e.e.service.impl.ProductServiceImpl    : Product created successfully. ID: 7
2026-08-19T12:30:37.159+05:30  INFO 10484 --- [ecommerce-rest-api] [http-nio-8080-exec-8] c.e.e.service.impl.ProductServiceImpl    : Creating product: Wireless Mechanical Keyboard
2026-08-19T12:30:37.168+05:30  INFO 10484 --- [ecommerce-rest-api] [http-nio-8080-exec-8] c.e.e.service.impl.ProductServiceImpl    : Product created successfully. ID: 8
2026-08-19T12:31:03.761+05:30  INFO 10484 --- [ecommerce-rest-api] [http-nio-8080-exec-5] c.e.e.service.impl.ProductServiceImpl    : Fetching all products
2026-08-19T12:31:20.003+05:30  INFO 10484 --- [ecommerce-rest-api] [http-nio-8080-exec-6] c.e.e.service.impl.ProductServiceImpl    : Fetching product with ID: 2
2026-08-19T12:32:02.471+05:30  WARN 10484 --- [ecommerce-rest-api] [http-nio-8080-exec-10] .m.m.a.ExceptionHandlerExceptionResolver : Resolved [org.springframework.web.method.annotation.MethodArgumentTypeMismatchException: Method parameter 'id': Failed to convert value of type 'java.lang.String' to required type 'java.lang.Long'; For input string: "search"]
2026-08-19T12:32:26.675+05:30  WARN 10484 --- [ecommerce-rest-api] [http-nio-8080-exec-3] .m.m.a.ExceptionHandlerExceptionResolver : Resolved [org.springframework.web.method.annotation.MethodArgumentTypeMismatchException: Method parameter 'id': Failed to convert value of type 'java.lang.String' to required type 'java.lang.Long'; For input string: "search"]
2026-08-19T12:33:11.821+05:30  WARN 10484 --- [ecommerce-rest-api] [http-nio-8080-exec-5] .m.m.a.ExceptionHandlerExceptionResolver : Resolved [org.springframework.web.method.annotation.MethodArgumentTypeMismatchException: Method parameter 'id': Failed to convert value of type 'java.lang.String' to required type 'java.lang.Long'; For input string: "in-stock"]
2026-08-19T12:33:22.877+05:30  WARN 10484 --- [ecommerce-rest-api] [http-nio-8080-exec-9] .m.m.a.ExceptionHandlerExceptionResolver : Resolved [org.springframework.web.servlet.resource.NoResourceFoundException: No static resource api/v1/carts.]
2026-08-19T12:33:32.974+05:30  WARN 10484 --- [ecommerce-rest-api] [http-nio-8080-exec-1] .m.m.a.ExceptionHandlerExceptionResolver : Resolved [org.springframework.web.servlet.resource.NoResourceFoundException: No static resource api/v1/carts.]
2026-08-19T12:33:45.957+05:30  INFO 10484 --- [ecommerce-rest-api] [http-nio-8080-exec-3] c.e.e.service.impl.CustomerServiceImpl   : Creating customer with email: anna@example.com
2026-08-19T12:33:45.964+05:30  WARN 10484 --- [ecommerce-rest-api] [http-nio-8080-exec-3] .m.m.a.ExceptionHandlerExceptionResolver : Resolved [com.example.ecommerce.exception.DuplicateResourceException: Customer already exists with email: anna@example.com]
2026-08-19T12:33:57.103+05:30  INFO 10484 --- [ecommerce-rest-api] [http-nio-8080-exec-4] c.e.e.service.impl.CustomerServiceImpl   : Creating customer with email: siri@example.com
2026-08-19T12:33:57.110+05:30  INFO 10484 --- [ecommerce-rest-api] [http-nio-8080-exec-4] c.e.e.service.impl.CustomerServiceImpl   : Customer created successfully with ID: 9
2026-08-19T12:33:58.177+05:30 DEBUG 10484 --- [ecommerce-rest-api] [scheduling-1] c.e.e.scheduler.CartCleanupScheduler     : No abandoned carts found.
2026-08-19T12:33:58.181+05:30 DEBUG 10484 --- [ecommerce-rest-api] [scheduling-1] c.e.e.s.OrderCancellationScheduler       : No expired pending orders found.
2026-08-19T12:34:15.923+05:30  INFO 10484 --- [ecommerce-rest-api] [http-nio-8080-exec-7] c.e.e.service.impl.CartItemServiceImpl   : Adding product ID 1 to cart ID 1
2026-08-19T12:34:15.983+05:30  INFO 10484 --- [ecommerce-rest-api] [http-nio-8080-exec-7] c.e.e.service.impl.CartItemServiceImpl   : Cart item created successfully with ID: 2
2026-08-19T12:34:32.188+05:30  INFO 10484 --- [ecommerce-rest-api] [http-nio-8080-exec-8] c.e.e.service.impl.CartItemServiceImpl   : Adding product ID 1 to cart ID 1
2026-08-19T12:34:32.196+05:30  INFO 10484 --- [ecommerce-rest-api] [http-nio-8080-exec-8] c.e.e.service.impl.CartItemServiceImpl   : Existing cart item updated successfully. Cart ID: 1, Product ID: 1, Quantity: 4
2026-08-19T12:35:14.258+05:30  WARN 10484 --- [ecommerce-rest-api] [http-nio-8080-exec-6] .m.m.a.ExceptionHandlerExceptionResolver : Resolved [org.springframework.web.bind.MethodArgumentNotValidException: Validation failed for argument [0] in public org.springframework.http.ResponseEntity<com.example.ecommerce.dto.order.OrderResponseDto> com.example.ecommerce.controller.v1.OrderController.checkout(com.example.ecommerce.dto.order.CheckoutRequestDto) with 2 errors: [Field error in object 'checkoutRequestDto' on field 'paymentMethod': rejected value [null]; codes [NotNull.checkoutRequestDto.paymentMethod,NotNull.paymentMethod,NotNull.com.example.ecommerce.entity.enums.PaymentMethod,NotNull]; arguments [org.springframework.context.support.DefaultMessageSourceResolvable: codes [checkoutRequestDto.paymentMethod,paymentMethod]; arguments []; default message [paymentMethod]]; default message [Payment method is required]] [Field error in object 'checkoutRequestDto' on field 'shippingAddress': rejected value [null]; codes [NotBlank.checkoutRequestDto.shippingAddress,NotBlank.shippingAddress,NotBlank.java.lang.String,NotBlank]; arguments [org.springframework.context.support.DefaultMessageSourceResolvable: codes [checkoutRequestDto.shippingAddress,shippingAddress]; arguments []; default message [shippingAddress]]; default message [Shipping address is required]] ]
2026-08-19T12:35:28.796+05:30  INFO 10484 --- [ecommerce-rest-api] [http-nio-8080-exec-10] c.e.e.service.impl.OrderServiceImpl      : Processing checkout for customer ID: 1
2026-08-19T12:35:28.894+05:30  INFO 10484 --- [ecommerce-rest-api] [http-nio-8080-exec-10] c.e.e.service.impl.OrderServiceImpl      : Checkout completed successfully. Order ID: 2, Payment ID: 2
2026-08-19T12:36:26.690+05:30  INFO 10484 --- [ecommerce-rest-api] [http-nio-8080-exec-3] c.e.e.service.impl.PaymentServiceImpl    : Creating payment for order ID: 1
2026-08-19T12:36:26.700+05:30  WARN 10484 --- [ecommerce-rest-api] [http-nio-8080-exec-3] .m.m.a.ExceptionHandlerExceptionResolver : Resolved [java.lang.IllegalStateException: Payment already exists for order ID: 1]
2026-08-19T12:36:56.730+05:30  INFO 10484 --- [ecommerce-rest-api] [http-nio-8080-exec-8] c.e.e.service.impl.PaymentServiceImpl    : Processing payment with ID: 1
2026-08-19T12:36:56.740+05:30  WARN 10484 --- [ecommerce-rest-api] [http-nio-8080-exec-8] .m.m.a.ExceptionHandlerExceptionResolver : Resolved [java.lang.IllegalStateException: Only pending payments can be processed]
2026-08-19T12:37:01.015+05:30  INFO 10484 --- [ecommerce-rest-api] [http-nio-8080-exec-5] c.e.e.service.impl.PaymentServiceImpl    : Processing payment with ID: 1
2026-08-19T12:37:01.020+05:30  WARN 10484 --- [ecommerce-rest-api] [http-nio-8080-exec-5] .m.m.a.ExceptionHandlerExceptionResolver : Resolved [java.lang.IllegalStateException: Only pending payments can be processed]
2026-08-19T12:37:11.410+05:30  WARN 10484 --- [ecommerce-rest-api] [http-nio-8080-exec-10] .m.m.a.ExceptionHandlerExceptionResolver : Resolved [com.example.ecommerce.exception.InvalidOrderException: Only pending orders can be confirmed]
2026-08-19T12:38:58.167+05:30 DEBUG 10484 --- [ecommerce-rest-api] [scheduling-1] c.e.e.scheduler.CartCleanupScheduler     : No abandoned carts found.
2026-08-19T12:38:58.174+05:30 DEBUG 10484 --- [ecommerce-rest-api] [scheduling-1] c.e.e.s.OrderCancellationScheduler       : No expired pending orders found.
2026-08-19T12:43:58.163+05:30 DEBUG 10484 --- [ecommerce-rest-api] [scheduling-1] c.e.e.scheduler.CartCleanupScheduler     : No abandoned carts found.
2026-08-19T12:43:58.175+05:30 DEBUG 10484 --- [ecommerce-rest-api] [scheduling-1] c.e.e.s.OrderCancellationScheduler       : No expired pending orders found.
2026-08-19T12:48:58.179+05:30 DEBUG 10484 --- [ecommerce-rest-api] [scheduling-1] c.e.e.scheduler.CartCleanupScheduler     : No abandoned carts found.
2026-08-19T12:48:58.184+05:30 DEBUG 10484 --- [ecommerce-rest-api] [scheduling-1] c.e.e.s.OrderCancellationScheduler       : No expired pending orders found.
2026-08-19T12:53:58.165+05:30 DEBUG 10484 --- [ecommerce-rest-api] [scheduling-1] c.e.e.scheduler.CartCleanupScheduler     : No abandoned carts found.
2026-08-19T12:53:58.169+05:30 DEBUG 10484 --- [ecommerce-rest-api] [scheduling-1] c.e.e.s.OrderCancellationScheduler       : No expired pending orders found.
2026-08-19T12:58:58.174+05:30 DEBUG 10484 --- [ecommerce-rest-api] [scheduling-1] c.e.e.scheduler.CartCleanupScheduler     : No abandoned carts found.
2026-08-19T12:58:58.178+05:30 DEBUG 10484 --- [ecommerce-rest-api] [scheduling-1] c.e.e.s.OrderCancellationScheduler       : No expired pending orders found.
2026-08-19T13:03:58.172+05:30 DEBUG 10484 --- [ecommerce-rest-api] [scheduling-1] c.e.e.scheduler.CartCleanupScheduler     : No abandoned carts found.
2026-08-19T13:03:58.176+05:30 DEBUG 10484 --- [ecommerce-rest-api] [scheduling-1] c.e.e.s.OrderCancellationScheduler       : No expired pending orders found.
2026-08-19T13:04:24.065+05:30  INFO 10484 --- [ecommerce-rest-api] [SpringApplicationShutdownHook] o.s.b.w.e.tomcat.GracefulShutdown        : Commencing graceful shutdown. Waiting for active requests to complete
2026-08-19T13:04:24.079+05:30  INFO 10484 --- [ecommerce-rest-api] [tomcat-shutdown] o.s.b.w.e.tomcat.GracefulShutdown        : Graceful shutdown complete
2026-08-19T13:04:24.092+05:30  INFO 10484 --- [ecommerce-rest-api] [SpringApplicationShutdownHook] j.LocalContainerEntityManagerFactoryBean : Closing JPA EntityManagerFactory for persistence unit 'default'
2026-08-19T13:04:24.099+05:30  INFO 10484 --- [ecommerce-rest-api] [SpringApplicationShutdownHook] com.zaxxer.hikari.HikariDataSource       : HikariPool-1 - Shutdown initiated...
2026-08-19T13:04:24.103+05:30  INFO 10484 --- [ecommerce-rest-api] [SpringApplicationShutdownHook] com.zaxxer.hikari.HikariDataSource       : HikariPool-1 - Shutdown completed.
2026-08-19T13:04:28.226+05:30  INFO 7548 --- [ecommerce-rest-api] [restartedMain] c.e.ecommerce.EcommerceApplication       : Starting EcommerceApplication using Java 25 with PID 7548 (C:\Users\Admin\OneDrive\Desktop\Java Traingin stackly\Springboot_Projects\ecommerce-rest-api\ecommerce-rest-api\target\classes started by Admin in C:\Users\Admin\OneDrive\Desktop\Java Traingin stackly\Springboot_Projects\ecommerce-rest-api)
2026-08-19T13:04:28.229+05:30 DEBUG 7548 --- [ecommerce-rest-api] [restartedMain] c.e.ecommerce.EcommerceApplication       : Running with Spring Boot v3.4.13, Spring v6.2.15
2026-08-19T13:04:28.230+05:30  INFO 7548 --- [ecommerce-rest-api] [restartedMain] c.e.ecommerce.EcommerceApplication       : No active profile set, falling back to 1 default profile: "default"
2026-08-19T13:04:28.320+05:30  INFO 7548 --- [ecommerce-rest-api] [restartedMain] .e.DevToolsPropertyDefaultsPostProcessor : Devtools property defaults active! Set 'spring.devtools.add-properties' to 'false' to disable
2026-08-19T13:04:28.321+05:30  INFO 7548 --- [ecommerce-rest-api] [restartedMain] .e.DevToolsPropertyDefaultsPostProcessor : For additional web related logging consider setting the 'logging.level.web' property to 'DEBUG'
2026-08-19T13:04:30.047+05:30  INFO 7548 --- [ecommerce-rest-api] [restartedMain] .s.d.r.c.RepositoryConfigurationDelegate : Bootstrapping Spring Data JPA repositories in DEFAULT mode.
2026-08-19T13:04:30.158+05:30  INFO 7548 --- [ecommerce-rest-api] [restartedMain] .s.d.r.c.RepositoryConfigurationDelegate : Finished Spring Data repository scanning in 100 ms. Found 7 JPA repository interfaces.
2026-08-19T13:04:31.010+05:30  INFO 7548 --- [ecommerce-rest-api] [restartedMain] o.s.b.w.embedded.tomcat.TomcatWebServer  : Tomcat initialized with port 8080 (http)
2026-08-19T13:04:31.035+05:30  INFO 7548 --- [ecommerce-rest-api] [restartedMain] o.apache.catalina.core.StandardService   : Starting service [Tomcat]
2026-08-19T13:04:31.035+05:30  INFO 7548 --- [ecommerce-rest-api] [restartedMain] o.apache.catalina.core.StandardEngine    : Starting Servlet engine: [Apache Tomcat/10.1.50]
2026-08-19T13:04:31.119+05:30  INFO 7548 --- [ecommerce-rest-api] [restartedMain] o.a.c.c.C.[Tomcat].[localhost].[/]       : Initializing Spring embedded WebApplicationContext
2026-08-19T13:04:31.120+05:30  INFO 7548 --- [ecommerce-rest-api] [restartedMain] w.s.c.ServletWebServerApplicationContext : Root WebApplicationContext: initialization completed in 2797 ms
2026-08-19T13:04:31.460+05:30  INFO 7548 --- [ecommerce-rest-api] [restartedMain] o.hibernate.jpa.internal.util.LogHelper  : HHH000204: Processing PersistenceUnitInfo [name: default]
2026-08-19T13:04:31.552+05:30  INFO 7548 --- [ecommerce-rest-api] [restartedMain] org.hibernate.Version                    : HHH000412: Hibernate ORM core version 6.6.39.Final
2026-08-19T13:04:31.594+05:30  INFO 7548 --- [ecommerce-rest-api] [restartedMain] o.h.c.internal.RegionFactoryInitiator    : HHH000026: Second-level cache disabled
2026-08-19T13:04:31.961+05:30  INFO 7548 --- [ecommerce-rest-api] [restartedMain] o.s.o.j.p.SpringPersistenceUnitInfo      : No LoadTimeWeaver setup: ignoring JPA class transformer
2026-08-19T13:04:32.001+05:30  INFO 7548 --- [ecommerce-rest-api] [restartedMain] com.zaxxer.hikari.HikariDataSource       : HikariPool-1 - Starting...
2026-08-19T13:04:32.203+05:30  INFO 7548 --- [ecommerce-rest-api] [restartedMain] com.zaxxer.hikari.pool.HikariPool        : HikariPool-1 - Added connection com.mysql.cj.jdbc.ConnectionImpl@550c17f4
2026-08-19T13:04:32.205+05:30  INFO 7548 --- [ecommerce-rest-api] [restartedMain] com.zaxxer.hikari.HikariDataSource       : HikariPool-1 - Start completed.
2026-08-19T13:04:32.319+05:30  INFO 7548 --- [ecommerce-rest-api] [restartedMain] org.hibernate.orm.connections.pooling    : HHH10001005: Database info:
	Database JDBC URL [Connecting through datasource 'HikariDataSource (HikariPool-1)']
	Database driver: undefined/unknown
	Database version: 8.0.42
	Autocommit mode: undefined/unknown
	Isolation level: undefined/unknown
	Minimum pool size: undefined/unknown
	Maximum pool size: undefined/unknown
2026-08-19T13:04:33.734+05:30  INFO 7548 --- [ecommerce-rest-api] [restartedMain] o.h.e.t.j.p.i.JtaPlatformInitiator       : HHH000489: No JTA platform available (set 'hibernate.transaction.jta.platform' to enable JTA platform integration)
2026-08-19T13:04:34.223+05:30  INFO 7548 --- [ecommerce-rest-api] [restartedMain] j.LocalContainerEntityManagerFactoryBean : Initialized JPA EntityManagerFactory for persistence unit 'default'
2026-08-19T13:04:34.627+05:30  INFO 7548 --- [ecommerce-rest-api] [restartedMain] o.s.d.j.r.query.QueryEnhancerFactory     : Hibernate is in classpath; If applicable, HQL parser will be used.
2026-08-19T13:04:35.241+05:30  WARN 7548 --- [ecommerce-rest-api] [restartedMain] JpaBaseConfiguration$JpaWebConfiguration : spring.jpa.open-in-view is enabled by default. Therefore, database queries may be performed during view rendering. Explicitly configure spring.jpa.open-in-view to disable this warning
2026-08-19T13:04:36.053+05:30  INFO 7548 --- [ecommerce-rest-api] [restartedMain] o.s.b.d.a.OptionalLiveReloadServer       : LiveReload server is running on port 35729
2026-08-19T13:04:36.064+05:30  INFO 7548 --- [ecommerce-rest-api] [restartedMain] o.s.b.a.e.web.EndpointLinksResolver      : Exposing 4 endpoints beneath base path '/actuator'
2026-08-19T13:04:36.183+05:30  INFO 7548 --- [ecommerce-rest-api] [restartedMain] o.s.b.w.embedded.tomcat.TomcatWebServer  : Tomcat started on port 8080 (http) with context path '/'
2026-08-19T13:04:36.202+05:30  INFO 7548 --- [ecommerce-rest-api] [restartedMain] c.e.ecommerce.EcommerceApplication       : Started EcommerceApplication in 8.799 seconds (process running for 9.847)
2026-08-19T13:04:36.316+05:30  WARN 7548 --- [ecommerce-rest-api] [restartedMain] o.s.core.events.SpringDocAppInitializer  : SpringDoc /v3/api-docs endpoint is enabled by default. To disable it in production, set the property 'springdoc.api-docs.enabled=false'
2026-08-19T13:04:36.349+05:30 DEBUG 7548 --- [ecommerce-rest-api] [scheduling-1] c.e.e.scheduler.CartCleanupScheduler     : No abandoned carts found.
2026-08-19T13:04:36.375+05:30 DEBUG 7548 --- [ecommerce-rest-api] [scheduling-1] c.e.e.s.OrderCancellationScheduler       : No expired pending orders found.
2026-08-19T13:09:36.206+05:30 DEBUG 7548 --- [ecommerce-rest-api] [scheduling-1] c.e.e.scheduler.CartCleanupScheduler     : No abandoned carts found.
2026-08-19T13:09:36.255+05:30  INFO 7548 --- [ecommerce-rest-api] [scheduling-1] c.e.e.s.OrderCancellationScheduler       : Order 2 automatically cancelled because it was pending before 2026-08-19T12:39:36.214671400
2026-08-19T13:09:36.274+05:30  INFO 7548 --- [ecommerce-rest-api] [scheduling-1] c.e.e.s.OrderCancellationScheduler       : 1 expired order(s) cancelled successfully.
2026-08-19T13:14:36.215+05:30 DEBUG 7548 --- [ecommerce-rest-api] [scheduling-1] c.e.e.scheduler.CartCleanupScheduler     : No abandoned carts found.
2026-08-19T13:14:36.223+05:30 DEBUG 7548 --- [ecommerce-rest-api] [scheduling-1] c.e.e.s.OrderCancellationScheduler       : No expired pending orders found.
2026-08-19T13:19:36.214+05:30 DEBUG 7548 --- [ecommerce-rest-api] [scheduling-1] c.e.e.scheduler.CartCleanupScheduler     : No abandoned carts found.
2026-08-19T13:19:36.221+05:30 DEBUG 7548 --- [ecommerce-rest-api] [scheduling-1] c.e.e.s.OrderCancellationScheduler       : No expired pending orders found.
2026-08-19T13:20:26.379+05:30  INFO 7548 --- [ecommerce-rest-api] [SpringApplicationShutdownHook] o.s.b.w.e.tomcat.GracefulShutdown        : Commencing graceful shutdown. Waiting for active requests to complete
2026-08-19T13:20:26.396+05:30  INFO 7548 --- [ecommerce-rest-api] [tomcat-shutdown] o.s.b.w.e.tomcat.GracefulShutdown        : Graceful shutdown complete
2026-08-19T13:20:26.408+05:30  INFO 7548 --- [ecommerce-rest-api] [SpringApplicationShutdownHook] j.LocalContainerEntityManagerFactoryBean : Closing JPA EntityManagerFactory for persistence unit 'default'
2026-08-19T13:20:26.417+05:30  INFO 7548 --- [ecommerce-rest-api] [SpringApplicationShutdownHook] com.zaxxer.hikari.HikariDataSource       : HikariPool-1 - Shutdown initiated...
2026-08-19T13:20:26.433+05:30  INFO 7548 --- [ecommerce-rest-api] [SpringApplicationShutdownHook] com.zaxxer.hikari.HikariDataSource       : HikariPool-1 - Shutdown completed.
2026-08-19T14:11:17.719+05:30  INFO 18296 --- [ecommerce-rest-api] [restartedMain] c.e.ecommerce.EcommerceApplication       : Starting EcommerceApplication using Java 25 with PID 18296 (C:\Users\Admin\OneDrive\Desktop\Java Traingin stackly\Springboot_Projects\ecommerce-rest-api\ecommerce-rest-api\target\classes started by Admin in C:\Users\Admin\OneDrive\Desktop\Java Traingin stackly\Springboot_Projects\ecommerce-rest-api)
2026-08-19T14:11:17.721+05:30 DEBUG 18296 --- [ecommerce-rest-api] [restartedMain] c.e.ecommerce.EcommerceApplication       : Running with Spring Boot v3.4.13, Spring v6.2.15
2026-08-19T14:11:17.723+05:30  INFO 18296 --- [ecommerce-rest-api] [restartedMain] c.e.ecommerce.EcommerceApplication       : No active profile set, falling back to 1 default profile: "default"
2026-08-19T14:11:17.820+05:30  INFO 18296 --- [ecommerce-rest-api] [restartedMain] .e.DevToolsPropertyDefaultsPostProcessor : Devtools property defaults active! Set 'spring.devtools.add-properties' to 'false' to disable
2026-08-19T14:11:17.821+05:30  INFO 18296 --- [ecommerce-rest-api] [restartedMain] .e.DevToolsPropertyDefaultsPostProcessor : For additional web related logging consider setting the 'logging.level.web' property to 'DEBUG'
2026-08-19T14:11:19.553+05:30  INFO 18296 --- [ecommerce-rest-api] [restartedMain] .s.d.r.c.RepositoryConfigurationDelegate : Bootstrapping Spring Data JPA repositories in DEFAULT mode.
2026-08-19T14:11:19.663+05:30  INFO 18296 --- [ecommerce-rest-api] [restartedMain] .s.d.r.c.RepositoryConfigurationDelegate : Finished Spring Data repository scanning in 100 ms. Found 7 JPA repository interfaces.
2026-08-19T14:11:20.552+05:30  INFO 18296 --- [ecommerce-rest-api] [restartedMain] o.s.b.w.embedded.tomcat.TomcatWebServer  : Tomcat initialized with port 8080 (http)
2026-08-19T14:11:20.570+05:30  INFO 18296 --- [ecommerce-rest-api] [restartedMain] o.apache.catalina.core.StandardService   : Starting service [Tomcat]
2026-08-19T14:11:20.571+05:30  INFO 18296 --- [ecommerce-rest-api] [restartedMain] o.apache.catalina.core.StandardEngine    : Starting Servlet engine: [Apache Tomcat/10.1.50]
2026-08-19T14:11:20.634+05:30  INFO 18296 --- [ecommerce-rest-api] [restartedMain] o.a.c.c.C.[Tomcat].[localhost].[/]       : Initializing Spring embedded WebApplicationContext
2026-08-19T14:11:20.635+05:30  INFO 18296 --- [ecommerce-rest-api] [restartedMain] w.s.c.ServletWebServerApplicationContext : Root WebApplicationContext: initialization completed in 2812 ms
2026-08-19T14:11:20.988+05:30  INFO 18296 --- [ecommerce-rest-api] [restartedMain] o.hibernate.jpa.internal.util.LogHelper  : HHH000204: Processing PersistenceUnitInfo [name: default]
2026-08-19T14:11:21.077+05:30  INFO 18296 --- [ecommerce-rest-api] [restartedMain] org.hibernate.Version                    : HHH000412: Hibernate ORM core version 6.6.39.Final
2026-08-19T14:11:21.123+05:30  INFO 18296 --- [ecommerce-rest-api] [restartedMain] o.h.c.internal.RegionFactoryInitiator    : HHH000026: Second-level cache disabled
2026-08-19T14:11:21.515+05:30  INFO 18296 --- [ecommerce-rest-api] [restartedMain] o.s.o.j.p.SpringPersistenceUnitInfo      : No LoadTimeWeaver setup: ignoring JPA class transformer
2026-08-19T14:11:21.564+05:30  INFO 18296 --- [ecommerce-rest-api] [restartedMain] com.zaxxer.hikari.HikariDataSource       : HikariPool-1 - Starting...
2026-08-19T14:11:21.795+05:30  INFO 18296 --- [ecommerce-rest-api] [restartedMain] com.zaxxer.hikari.pool.HikariPool        : HikariPool-1 - Added connection com.mysql.cj.jdbc.ConnectionImpl@5db1bd78
2026-08-19T14:11:21.797+05:30  INFO 18296 --- [ecommerce-rest-api] [restartedMain] com.zaxxer.hikari.HikariDataSource       : HikariPool-1 - Start completed.
2026-08-19T14:11:21.908+05:30  INFO 18296 --- [ecommerce-rest-api] [restartedMain] org.hibernate.orm.connections.pooling    : HHH10001005: Database info:
	Database JDBC URL [Connecting through datasource 'HikariDataSource (HikariPool-1)']
	Database driver: undefined/unknown
	Database version: 8.0.42
	Autocommit mode: undefined/unknown
	Isolation level: undefined/unknown
	Minimum pool size: undefined/unknown
	Maximum pool size: undefined/unknown
2026-08-19T14:11:23.374+05:30  INFO 18296 --- [ecommerce-rest-api] [restartedMain] o.h.e.t.j.p.i.JtaPlatformInitiator       : HHH000489: No JTA platform available (set 'hibernate.transaction.jta.platform' to enable JTA platform integration)
2026-08-19T14:11:23.795+05:30  INFO 18296 --- [ecommerce-rest-api] [restartedMain] j.LocalContainerEntityManagerFactoryBean : Initialized JPA EntityManagerFactory for persistence unit 'default'
2026-08-19T14:11:24.188+05:30  INFO 18296 --- [ecommerce-rest-api] [restartedMain] o.s.d.j.r.query.QueryEnhancerFactory     : Hibernate is in classpath; If applicable, HQL parser will be used.
2026-08-19T14:11:24.819+05:30  WARN 18296 --- [ecommerce-rest-api] [restartedMain] JpaBaseConfiguration$JpaWebConfiguration : spring.jpa.open-in-view is enabled by default. Therefore, database queries may be performed during view rendering. Explicitly configure spring.jpa.open-in-view to disable this warning
2026-08-19T14:11:25.905+05:30  INFO 18296 --- [ecommerce-rest-api] [restartedMain] o.s.b.d.a.OptionalLiveReloadServer       : LiveReload server is running on port 35729
2026-08-19T14:11:25.918+05:30  INFO 18296 --- [ecommerce-rest-api] [restartedMain] o.s.b.a.e.web.EndpointLinksResolver      : Exposing 4 endpoints beneath base path '/actuator'
2026-08-19T14:11:26.042+05:30  INFO 18296 --- [ecommerce-rest-api] [restartedMain] o.s.b.w.embedded.tomcat.TomcatWebServer  : Tomcat started on port 8080 (http) with context path '/'
2026-08-19T14:11:26.091+05:30  INFO 18296 --- [ecommerce-rest-api] [restartedMain] c.e.ecommerce.EcommerceApplication       : Started EcommerceApplication in 9.193 seconds (process running for 10.179)
2026-08-19T14:11:26.237+05:30  WARN 18296 --- [ecommerce-rest-api] [restartedMain] o.s.core.events.SpringDocAppInitializer  : SpringDoc /v3/api-docs endpoint is enabled by default. To disable it in production, set the property 'springdoc.api-docs.enabled=false'
2026-08-19T14:11:26.283+05:30 DEBUG 18296 --- [ecommerce-rest-api] [scheduling-1] c.e.e.scheduler.CartCleanupScheduler     : No abandoned carts found.
2026-08-19T14:11:26.300+05:30 DEBUG 18296 --- [ecommerce-rest-api] [scheduling-1] c.e.e.s.OrderCancellationScheduler       : No expired pending orders found.
2026-08-19T14:11:34.597+05:30  INFO 18296 --- [ecommerce-rest-api] [http-nio-8080-exec-1] o.a.c.c.C.[Tomcat].[localhost].[/]       : Initializing Spring DispatcherServlet 'dispatcherServlet'
2026-08-19T14:11:34.598+05:30  INFO 18296 --- [ecommerce-rest-api] [http-nio-8080-exec-1] o.s.web.servlet.DispatcherServlet        : Initializing Servlet 'dispatcherServlet'
2026-08-19T14:11:34.600+05:30  INFO 18296 --- [ecommerce-rest-api] [http-nio-8080-exec-1] o.s.web.servlet.DispatcherServlet        : Completed initialization in 2 ms
2026-08-19T14:11:34.637+05:30  INFO 18296 --- [ecommerce-rest-api] [http-nio-8080-exec-1] c.e.e.service.impl.ProductServiceImpl    : Fetching all products
2026-08-19T14:11:34.853+05:30  WARN 18296 --- [ecommerce-rest-api] [http-nio-8080-exec-2] .m.m.a.ExceptionHandlerExceptionResolver : Resolved [org.springframework.web.servlet.resource.NoResourceFoundException: No static resource favicon.ico.]
2026-08-19T14:16:26.091+05:30 DEBUG 18296 --- [ecommerce-rest-api] [scheduling-1] c.e.e.scheduler.CartCleanupScheduler     : No abandoned carts found.
2026-08-19T14:16:26.095+05:30 DEBUG 18296 --- [ecommerce-rest-api] [scheduling-1] c.e.e.s.OrderCancellationScheduler       : No expired pending orders found.
2026-08-19T14:17:21.937+05:30  INFO 18296 --- [ecommerce-rest-api] [http-nio-8080-exec-4] c.e.e.service.impl.ProductServiceImpl    : Fetching all products
2026-08-19T14:17:21.954+05:30  INFO 18296 --- [ecommerce-rest-api] [http-nio-8080-exec-6] c.e.e.service.impl.ProductServiceImpl    : Fetching all products
2026-08-19T14:21:26.096+05:30 DEBUG 18296 --- [ecommerce-rest-api] [scheduling-1] c.e.e.scheduler.CartCleanupScheduler     : No abandoned carts found.
2026-08-19T14:21:26.102+05:30 DEBUG 18296 --- [ecommerce-rest-api] [scheduling-1] c.e.e.s.OrderCancellationScheduler       : No expired pending orders found.
2026-08-19T14:26:26.089+05:30 DEBUG 18296 --- [ecommerce-rest-api] [scheduling-1] c.e.e.scheduler.CartCleanupScheduler     : No abandoned carts found.
2026-08-19T14:26:26.094+05:30 DEBUG 18296 --- [ecommerce-rest-api] [scheduling-1] c.e.e.s.OrderCancellationScheduler       : No expired pending orders found.
2026-08-19T14:31:26.089+05:30 DEBUG 18296 --- [ecommerce-rest-api] [scheduling-1] c.e.e.scheduler.CartCleanupScheduler     : No abandoned carts found.
2026-08-19T14:31:26.093+05:30 DEBUG 18296 --- [ecommerce-rest-api] [scheduling-1] c.e.e.s.OrderCancellationScheduler       : No expired pending orders found.
2026-08-19T14:36:26.091+05:30 DEBUG 18296 --- [ecommerce-rest-api] [scheduling-1] c.e.e.scheduler.CartCleanupScheduler     : No abandoned carts found.
2026-08-19T14:36:26.098+05:30 DEBUG 18296 --- [ecommerce-rest-api] [scheduling-1] c.e.e.s.OrderCancellationScheduler       : No expired pending orders found.
2026-08-19T14:41:26.093+05:30 DEBUG 18296 --- [ecommerce-rest-api] [scheduling-1] c.e.e.scheduler.CartCleanupScheduler     : No abandoned carts found.
2026-08-19T14:41:26.098+05:30 DEBUG 18296 --- [ecommerce-rest-api] [scheduling-1] c.e.e.s.OrderCancellationScheduler       : No expired pending orders found.
2026-08-19T14:46:26.090+05:30 DEBUG 18296 --- [ecommerce-rest-api] [scheduling-1] c.e.e.scheduler.CartCleanupScheduler     : No abandoned carts found.
2026-08-19T14:46:26.094+05:30 DEBUG 18296 --- [ecommerce-rest-api] [scheduling-1] c.e.e.s.OrderCancellationScheduler       : No expired pending orders found.
2026-08-19T14:51:26.099+05:30 DEBUG 18296 --- [ecommerce-rest-api] [scheduling-1] c.e.e.scheduler.CartCleanupScheduler     : No abandoned carts found.
2026-08-19T14:51:26.106+05:30 DEBUG 18296 --- [ecommerce-rest-api] [scheduling-1] c.e.e.s.OrderCancellationScheduler       : No expired pending orders found.
2026-08-19T14:54:40.449+05:30  INFO 18296 --- [ecommerce-rest-api] [http-nio-8080-exec-8] c.e.e.service.impl.CustomerServiceImpl   : Fetching all customers
2026-08-19T14:54:40.481+05:30  INFO 18296 --- [ecommerce-rest-api] [http-nio-8080-exec-9] c.e.e.service.impl.CustomerServiceImpl   : Fetching all customers
2026-08-19T14:54:43.984+05:30  INFO 18296 --- [ecommerce-rest-api] [http-nio-8080-exec-5] c.e.e.service.impl.CustomerServiceImpl   : Fetching all customers
2026-08-19T14:54:44.002+05:30  INFO 18296 --- [ecommerce-rest-api] [http-nio-8080-exec-1] c.e.e.service.impl.CustomerServiceImpl   : Fetching all customers
2026-08-19T14:54:45.792+05:30  INFO 18296 --- [ecommerce-rest-api] [http-nio-8080-exec-3] c.e.e.service.impl.CustomerServiceImpl   : Fetching all customers
2026-08-19T14:54:45.792+05:30  INFO 18296 --- [ecommerce-rest-api] [http-nio-8080-exec-2] c.e.e.service.impl.ProductServiceImpl    : Fetching all products
2026-08-19T14:54:45.808+05:30  INFO 18296 --- [ecommerce-rest-api] [http-nio-8080-exec-7] c.e.e.service.impl.CustomerServiceImpl   : Fetching all customers
2026-08-19T14:54:45.808+05:30  INFO 18296 --- [ecommerce-rest-api] [http-nio-8080-exec-6] c.e.e.service.impl.ProductServiceImpl    : Fetching all products
2026-08-19T14:54:47.880+05:30  INFO 18296 --- [ecommerce-rest-api] [http-nio-8080-exec-8] c.e.e.service.impl.CustomerServiceImpl   : Fetching all customers
2026-08-19T14:54:47.897+05:30  INFO 18296 --- [ecommerce-rest-api] [http-nio-8080-exec-9] c.e.e.service.impl.CustomerServiceImpl   : Fetching all customers
2026-08-19T14:54:49.812+05:30  INFO 18296 --- [ecommerce-rest-api] [http-nio-8080-exec-5] c.e.e.service.impl.CustomerServiceImpl   : Fetching all customers
2026-08-19T14:54:49.823+05:30  INFO 18296 --- [ecommerce-rest-api] [http-nio-8080-exec-1] c.e.e.service.impl.CustomerServiceImpl   : Fetching all customers
2026-08-19T14:54:50.728+05:30  INFO 18296 --- [ecommerce-rest-api] [http-nio-8080-exec-2] c.e.e.service.impl.ProductServiceImpl    : Fetching all products
2026-08-19T14:54:50.738+05:30  INFO 18296 --- [ecommerce-rest-api] [http-nio-8080-exec-3] c.e.e.service.impl.ProductServiceImpl    : Fetching all products
2026-08-19T14:54:54.905+05:30  INFO 18296 --- [ecommerce-rest-api] [http-nio-8080-exec-8] c.e.e.service.impl.CustomerServiceImpl   : Fetching all customers
2026-08-19T14:54:54.918+05:30  INFO 18296 --- [ecommerce-rest-api] [http-nio-8080-exec-9] c.e.e.service.impl.CustomerServiceImpl   : Fetching all customers
2026-08-19T14:54:56.774+05:30  INFO 18296 --- [ecommerce-rest-api] [http-nio-8080-exec-5] c.e.e.service.impl.ProductServiceImpl    : Fetching all products
2026-08-19T14:54:56.783+05:30  INFO 18296 --- [ecommerce-rest-api] [http-nio-8080-exec-1] c.e.e.service.impl.ProductServiceImpl    : Fetching all products
2026-08-19T14:54:57.579+05:30  INFO 18296 --- [ecommerce-rest-api] [http-nio-8080-exec-2] c.e.e.service.impl.ProductServiceImpl    : Fetching all products
2026-08-19T14:54:57.621+05:30  WARN 18296 --- [ecommerce-rest-api] [http-nio-8080-exec-3] .m.m.a.ExceptionHandlerExceptionResolver : Resolved [org.springframework.web.servlet.resource.NoResourceFoundException: No static resource favicon.ico.]
2026-08-19T14:55:04.236+05:30  INFO 18296 --- [ecommerce-rest-api] [http-nio-8080-exec-6] c.e.e.service.impl.ProductServiceImpl    : Fetching all products
2026-08-19T14:55:04.251+05:30  INFO 18296 --- [ecommerce-rest-api] [http-nio-8080-exec-7] c.e.e.service.impl.ProductServiceImpl    : Fetching all products
2026-08-19T14:55:14.126+05:30  INFO 18296 --- [ecommerce-rest-api] [http-nio-8080-exec-4] c.e.e.service.impl.ProductServiceImpl    : Fetching all products
2026-08-19T14:55:16.064+05:30  INFO 18296 --- [ecommerce-rest-api] [http-nio-8080-exec-10] c.e.e.service.impl.ProductServiceImpl    : Fetching all products
2026-08-19T14:55:16.065+05:30  INFO 18296 --- [ecommerce-rest-api] [http-nio-8080-exec-8] c.e.e.service.impl.CustomerServiceImpl   : Fetching all customers
2026-08-19T14:55:16.079+05:30  INFO 18296 --- [ecommerce-rest-api] [http-nio-8080-exec-1] c.e.e.service.impl.ProductServiceImpl    : Fetching all products
2026-08-19T14:55:16.082+05:30  INFO 18296 --- [ecommerce-rest-api] [http-nio-8080-exec-5] c.e.e.service.impl.CustomerServiceImpl   : Fetching all customers
2026-08-19T14:55:18.241+05:30  INFO 18296 --- [ecommerce-rest-api] [http-nio-8080-exec-3] c.e.e.service.impl.ProductServiceImpl    : Fetching all products
2026-08-19T14:55:18.241+05:30  INFO 18296 --- [ecommerce-rest-api] [http-nio-8080-exec-6] c.e.e.service.impl.CustomerServiceImpl   : Fetching all customers
2026-08-19T14:55:56.098+05:30  INFO 18296 --- [ecommerce-rest-api] [http-nio-8080-exec-4] c.e.e.service.impl.ProductServiceImpl    : Fetching all products
2026-08-19T14:55:56.099+05:30  INFO 18296 --- [ecommerce-rest-api] [http-nio-8080-exec-8] c.e.e.service.impl.CustomerServiceImpl   : Fetching all customers
2026-08-19T14:55:56.110+05:30  INFO 18296 --- [ecommerce-rest-api] [http-nio-8080-exec-1] c.e.e.service.impl.ProductServiceImpl    : Fetching all products
2026-08-19T14:55:56.110+05:30  INFO 18296 --- [ecommerce-rest-api] [http-nio-8080-exec-9] c.e.e.service.impl.CustomerServiceImpl   : Fetching all customers
2026-08-19T14:56:00.643+05:30  INFO 18296 --- [ecommerce-rest-api] [http-nio-8080-exec-3] c.e.e.service.impl.CustomerServiceImpl   : Fetching all customers
2026-08-19T14:56:00.647+05:30  INFO 18296 --- [ecommerce-rest-api] [http-nio-8080-exec-6] c.e.e.service.impl.ProductServiceImpl    : Fetching all products
2026-08-19T14:56:00.656+05:30  INFO 18296 --- [ecommerce-rest-api] [http-nio-8080-exec-8] c.e.e.service.impl.CustomerServiceImpl   : Fetching all customers
2026-08-19T14:56:00.656+05:30  INFO 18296 --- [ecommerce-rest-api] [http-nio-8080-exec-4] c.e.e.service.impl.ProductServiceImpl    : Fetching all products
2026-08-19T14:56:26.088+05:30 DEBUG 18296 --- [ecommerce-rest-api] [scheduling-1] c.e.e.scheduler.CartCleanupScheduler     : No abandoned carts found.
2026-08-19T14:56:26.092+05:30 DEBUG 18296 --- [ecommerce-rest-api] [scheduling-1] c.e.e.s.OrderCancellationScheduler       : No expired pending orders found.
2026-08-19T14:56:27.365+05:30  INFO 18296 --- [ecommerce-rest-api] [SpringApplicationShutdownHook] o.s.b.w.e.tomcat.GracefulShutdown        : Commencing graceful shutdown. Waiting for active requests to complete
2026-08-19T14:56:27.375+05:30  INFO 18296 --- [ecommerce-rest-api] [tomcat-shutdown] o.s.b.w.e.tomcat.GracefulShutdown        : Graceful shutdown complete
2026-08-19T14:56:27.396+05:30  INFO 18296 --- [ecommerce-rest-api] [SpringApplicationShutdownHook] j.LocalContainerEntityManagerFactoryBean : Closing JPA EntityManagerFactory for persistence unit 'default'
2026-08-19T14:56:27.401+05:30  INFO 18296 --- [ecommerce-rest-api] [SpringApplicationShutdownHook] com.zaxxer.hikari.HikariDataSource       : HikariPool-1 - Shutdown initiated...
2026-08-19T14:56:27.404+05:30  INFO 18296 --- [ecommerce-rest-api] [SpringApplicationShutdownHook] com.zaxxer.hikari.HikariDataSource       : HikariPool-1 - Shutdown completed.
2026-08-19T14:56:30.828+05:30  INFO 7660 --- [ecommerce-rest-api] [restartedMain] c.e.ecommerce.EcommerceApplication       : Starting EcommerceApplication using Java 25 with PID 7660 (C:\Users\Admin\OneDrive\Desktop\Java Traingin stackly\Springboot_Projects\ecommerce-rest-api\ecommerce-rest-api\target\classes started by Admin in C:\Users\Admin\OneDrive\Desktop\Java Traingin stackly\Springboot_Projects\ecommerce-rest-api)
2026-08-19T14:56:30.831+05:30 DEBUG 7660 --- [ecommerce-rest-api] [restartedMain] c.e.ecommerce.EcommerceApplication       : Running with Spring Boot v3.4.13, Spring v6.2.15
2026-08-19T14:56:30.832+05:30  INFO 7660 --- [ecommerce-rest-api] [restartedMain] c.e.ecommerce.EcommerceApplication       : No active profile set, falling back to 1 default profile: "default"
2026-08-19T14:56:30.911+05:30  INFO 7660 --- [ecommerce-rest-api] [restartedMain] .e.DevToolsPropertyDefaultsPostProcessor : Devtools property defaults active! Set 'spring.devtools.add-properties' to 'false' to disable
2026-08-19T14:56:30.912+05:30  INFO 7660 --- [ecommerce-rest-api] [restartedMain] .e.DevToolsPropertyDefaultsPostProcessor : For additional web related logging consider setting the 'logging.level.web' property to 'DEBUG'
2026-08-19T14:56:32.506+05:30  INFO 7660 --- [ecommerce-rest-api] [restartedMain] .s.d.r.c.RepositoryConfigurationDelegate : Bootstrapping Spring Data JPA repositories in DEFAULT mode.
2026-08-19T14:56:32.612+05:30  INFO 7660 --- [ecommerce-rest-api] [restartedMain] .s.d.r.c.RepositoryConfigurationDelegate : Finished Spring Data repository scanning in 97 ms. Found 7 JPA repository interfaces.
2026-08-19T14:56:33.418+05:30  INFO 7660 --- [ecommerce-rest-api] [restartedMain] o.s.b.w.embedded.tomcat.TomcatWebServer  : Tomcat initialized with port 8080 (http)
2026-08-19T14:56:33.434+05:30  INFO 7660 --- [ecommerce-rest-api] [restartedMain] o.apache.catalina.core.StandardService   : Starting service [Tomcat]
2026-08-19T14:56:33.435+05:30  INFO 7660 --- [ecommerce-rest-api] [restartedMain] o.apache.catalina.core.StandardEngine    : Starting Servlet engine: [Apache Tomcat/10.1.50]
2026-08-19T14:56:33.492+05:30  INFO 7660 --- [ecommerce-rest-api] [restartedMain] o.a.c.c.C.[Tomcat].[localhost].[/]       : Initializing Spring embedded WebApplicationContext
2026-08-19T14:56:33.493+05:30  INFO 7660 --- [ecommerce-rest-api] [restartedMain] w.s.c.ServletWebServerApplicationContext : Root WebApplicationContext: initialization completed in 2580 ms
2026-08-19T14:56:33.826+05:30  INFO 7660 --- [ecommerce-rest-api] [restartedMain] o.hibernate.jpa.internal.util.LogHelper  : HHH000204: Processing PersistenceUnitInfo [name: default]
2026-08-19T14:56:33.903+05:30  INFO 7660 --- [ecommerce-rest-api] [restartedMain] org.hibernate.Version                    : HHH000412: Hibernate ORM core version 6.6.39.Final
2026-08-19T14:56:33.940+05:30  INFO 7660 --- [ecommerce-rest-api] [restartedMain] o.h.c.internal.RegionFactoryInitiator    : HHH000026: Second-level cache disabled
2026-08-19T14:56:34.256+05:30  INFO 7660 --- [ecommerce-rest-api] [restartedMain] o.s.o.j.p.SpringPersistenceUnitInfo      : No LoadTimeWeaver setup: ignoring JPA class transformer
2026-08-19T14:56:34.292+05:30  INFO 7660 --- [ecommerce-rest-api] [restartedMain] com.zaxxer.hikari.HikariDataSource       : HikariPool-1 - Starting...
2026-08-19T14:56:34.490+05:30  INFO 7660 --- [ecommerce-rest-api] [restartedMain] com.zaxxer.hikari.pool.HikariPool        : HikariPool-1 - Added connection com.mysql.cj.jdbc.ConnectionImpl@47c5bc1f
2026-08-19T14:56:34.493+05:30  INFO 7660 --- [ecommerce-rest-api] [restartedMain] com.zaxxer.hikari.HikariDataSource       : HikariPool-1 - Start completed.
2026-08-19T14:56:34.587+05:30  INFO 7660 --- [ecommerce-rest-api] [restartedMain] org.hibernate.orm.connections.pooling    : HHH10001005: Database info:
	Database JDBC URL [Connecting through datasource 'HikariDataSource (HikariPool-1)']
	Database driver: undefined/unknown
	Database version: 8.0.42
	Autocommit mode: undefined/unknown
	Isolation level: undefined/unknown
	Minimum pool size: undefined/unknown
	Maximum pool size: undefined/unknown
2026-08-19T14:56:36.071+05:30  INFO 7660 --- [ecommerce-rest-api] [restartedMain] o.h.e.t.j.p.i.JtaPlatformInitiator       : HHH000489: No JTA platform available (set 'hibernate.transaction.jta.platform' to enable JTA platform integration)
2026-08-19T14:56:36.458+05:30  INFO 7660 --- [ecommerce-rest-api] [restartedMain] j.LocalContainerEntityManagerFactoryBean : Initialized JPA EntityManagerFactory for persistence unit 'default'
2026-08-19T14:56:36.811+05:30  INFO 7660 --- [ecommerce-rest-api] [restartedMain] o.s.d.j.r.query.QueryEnhancerFactory     : Hibernate is in classpath; If applicable, HQL parser will be used.
2026-08-19T14:56:37.404+05:30  WARN 7660 --- [ecommerce-rest-api] [restartedMain] JpaBaseConfiguration$JpaWebConfiguration : spring.jpa.open-in-view is enabled by default. Therefore, database queries may be performed during view rendering. Explicitly configure spring.jpa.open-in-view to disable this warning
2026-08-19T14:56:38.169+05:30  INFO 7660 --- [ecommerce-rest-api] [restartedMain] o.s.b.d.a.OptionalLiveReloadServer       : LiveReload server is running on port 35729
2026-08-19T14:56:38.177+05:30  INFO 7660 --- [ecommerce-rest-api] [restartedMain] o.s.b.a.e.web.EndpointLinksResolver      : Exposing 4 endpoints beneath base path '/actuator'
2026-08-19T14:56:38.269+05:30  INFO 7660 --- [ecommerce-rest-api] [restartedMain] o.s.b.w.embedded.tomcat.TomcatWebServer  : Tomcat started on port 8080 (http) with context path '/'
2026-08-19T14:56:38.289+05:30  INFO 7660 --- [ecommerce-rest-api] [restartedMain] c.e.ecommerce.EcommerceApplication       : Started EcommerceApplication in 8.154 seconds (process running for 8.964)
2026-08-19T14:56:38.375+05:30  WARN 7660 --- [ecommerce-rest-api] [restartedMain] o.s.core.events.SpringDocAppInitializer  : SpringDoc /v3/api-docs endpoint is enabled by default. To disable it in production, set the property 'springdoc.api-docs.enabled=false'
2026-08-19T14:56:38.425+05:30 DEBUG 7660 --- [ecommerce-rest-api] [scheduling-1] c.e.e.scheduler.CartCleanupScheduler     : No abandoned carts found.
2026-08-19T14:56:38.439+05:30 DEBUG 7660 --- [ecommerce-rest-api] [scheduling-1] c.e.e.s.OrderCancellationScheduler       : No expired pending orders found.
2026-08-19T14:56:47.704+05:30  INFO 7660 --- [ecommerce-rest-api] [http-nio-8080-exec-2] o.a.c.c.C.[Tomcat].[localhost].[/]       : Initializing Spring DispatcherServlet 'dispatcherServlet'
2026-08-19T14:56:47.704+05:30  INFO 7660 --- [ecommerce-rest-api] [http-nio-8080-exec-2] o.s.web.servlet.DispatcherServlet        : Initializing Servlet 'dispatcherServlet'
2026-08-19T14:56:47.712+05:30  INFO 7660 --- [ecommerce-rest-api] [http-nio-8080-exec-2] o.s.web.servlet.DispatcherServlet        : Completed initialization in 8 ms
2026-08-19T14:56:47.756+05:30  INFO 7660 --- [ecommerce-rest-api] [http-nio-8080-exec-3] c.e.e.service.impl.ProductServiceImpl    : Fetching all products
2026-08-19T14:56:47.756+05:30  INFO 7660 --- [ecommerce-rest-api] [http-nio-8080-exec-2] c.e.e.service.impl.CustomerServiceImpl   : Fetching all customers
2026-08-19T14:56:47.894+05:30  INFO 7660 --- [ecommerce-rest-api] [http-nio-8080-exec-7] c.e.e.service.impl.CustomerServiceImpl   : Fetching all customers
2026-08-19T14:56:47.894+05:30  INFO 7660 --- [ecommerce-rest-api] [http-nio-8080-exec-5] c.e.e.service.impl.ProductServiceImpl    : Fetching all products
2026-08-19T14:58:18.768+05:30  INFO 7660 --- [ecommerce-rest-api] [http-nio-8080-exec-2] c.e.e.service.impl.CustomerServiceImpl   : Fetching all customers
2026-08-19T14:58:18.768+05:30  INFO 7660 --- [ecommerce-rest-api] [http-nio-8080-exec-3] c.e.e.service.impl.ProductServiceImpl    : Fetching all products
2026-08-19T14:58:18.783+05:30  INFO 7660 --- [ecommerce-rest-api] [http-nio-8080-exec-5] c.e.e.service.impl.CustomerServiceImpl   : Fetching all customers
2026-08-19T14:58:18.783+05:30  INFO 7660 --- [ecommerce-rest-api] [http-nio-8080-exec-7] c.e.e.service.impl.ProductServiceImpl    : Fetching all products
2026-08-19T14:58:19.759+05:30  INFO 7660 --- [ecommerce-rest-api] [http-nio-8080-exec-9] c.e.e.service.impl.ProductServiceImpl    : Fetching all products
2026-08-19T14:58:19.759+05:30  INFO 7660 --- [ecommerce-rest-api] [http-nio-8080-exec-8] c.e.e.service.impl.CustomerServiceImpl   : Fetching all customers
2026-08-19T14:58:19.771+05:30  INFO 7660 --- [ecommerce-rest-api] [http-nio-8080-exec-10] c.e.e.service.impl.ProductServiceImpl    : Fetching all products
2026-08-19T14:58:19.771+05:30  INFO 7660 --- [ecommerce-rest-api] [http-nio-8080-exec-2] c.e.e.service.impl.CustomerServiceImpl   : Fetching all customers
2026-08-19T14:58:19.888+05:30  INFO 7660 --- [ecommerce-rest-api] [http-nio-8080-exec-5] c.e.e.service.impl.ProductServiceImpl    : Fetching all products
2026-08-19T14:58:19.888+05:30  INFO 7660 --- [ecommerce-rest-api] [http-nio-8080-exec-7] c.e.e.service.impl.CustomerServiceImpl   : Fetching all customers
2026-08-19T14:58:19.908+05:30  INFO 7660 --- [ecommerce-rest-api] [http-nio-8080-exec-6] c.e.e.service.impl.ProductServiceImpl    : Fetching all products
2026-08-19T14:58:19.912+05:30  INFO 7660 --- [ecommerce-rest-api] [http-nio-8080-exec-9] c.e.e.service.impl.CustomerServiceImpl   : Fetching all customers
2026-08-19T14:58:20.111+05:30  INFO 7660 --- [ecommerce-rest-api] [http-nio-8080-exec-4] c.e.e.service.impl.ProductServiceImpl    : Fetching all products
2026-08-19T14:58:20.116+05:30  INFO 7660 --- [ecommerce-rest-api] [http-nio-8080-exec-2] c.e.e.service.impl.CustomerServiceImpl   : Fetching all customers
2026-08-19T14:58:20.139+05:30  INFO 7660 --- [ecommerce-rest-api] [http-nio-8080-exec-2] c.e.e.service.impl.ProductServiceImpl    : Fetching all products
2026-08-19T14:58:20.139+05:30  INFO 7660 --- [ecommerce-rest-api] [http-nio-8080-exec-5] c.e.e.service.impl.CustomerServiceImpl   : Fetching all customers
2026-08-19T15:01:38.294+05:30 DEBUG 7660 --- [ecommerce-rest-api] [scheduling-1] c.e.e.scheduler.CartCleanupScheduler     : No abandoned carts found.
2026-08-19T15:01:38.301+05:30 DEBUG 7660 --- [ecommerce-rest-api] [scheduling-1] c.e.e.s.OrderCancellationScheduler       : No expired pending orders found.
2026-08-19T15:06:38.296+05:30 DEBUG 7660 --- [ecommerce-rest-api] [scheduling-1] c.e.e.scheduler.CartCleanupScheduler     : No abandoned carts found.
2026-08-19T15:06:38.296+05:30 DEBUG 7660 --- [ecommerce-rest-api] [scheduling-1] c.e.e.s.OrderCancellationScheduler       : No expired pending orders found.
2026-08-19T15:11:38.295+05:30 DEBUG 7660 --- [ecommerce-rest-api] [scheduling-1] c.e.e.scheduler.CartCleanupScheduler     : No abandoned carts found.
2026-08-19T15:11:38.295+05:30 DEBUG 7660 --- [ecommerce-rest-api] [scheduling-1] c.e.e.s.OrderCancellationScheduler       : No expired pending orders found.
2026-08-19T15:13:42.995+05:30  INFO 7660 --- [ecommerce-rest-api] [http-nio-8080-exec-4] c.e.e.service.impl.ProductServiceImpl    : Fetching all products
2026-08-19T15:13:42.995+05:30  INFO 7660 --- [ecommerce-rest-api] [http-nio-8080-exec-3] c.e.e.service.impl.CustomerServiceImpl   : Fetching all customers
2026-08-19T15:13:43.023+05:30  INFO 7660 --- [ecommerce-rest-api] [http-nio-8080-exec-5] c.e.e.service.impl.CustomerServiceImpl   : Fetching all customers
2026-08-19T15:13:43.023+05:30  INFO 7660 --- [ecommerce-rest-api] [http-nio-8080-exec-2] c.e.e.service.impl.ProductServiceImpl    : Fetching all products
2026-08-19T15:13:47.489+05:30  INFO 7660 --- [ecommerce-rest-api] [http-nio-8080-exec-2] o.springdoc.api.AbstractOpenApiResource  : Init duration for springdoc-openapi is: 593 ms
2026-08-19T15:16:38.300+05:30 DEBUG 7660 --- [ecommerce-rest-api] [scheduling-1] c.e.e.scheduler.CartCleanupScheduler     : No abandoned carts found.
2026-08-19T15:16:38.303+05:30 DEBUG 7660 --- [ecommerce-rest-api] [scheduling-1] c.e.e.s.OrderCancellationScheduler       : No expired pending orders found.
2026-08-19T15:21:38.305+05:30 DEBUG 7660 --- [ecommerce-rest-api] [scheduling-1] c.e.e.scheduler.CartCleanupScheduler     : No abandoned carts found.
2026-08-19T15:21:38.309+05:30 DEBUG 7660 --- [ecommerce-rest-api] [scheduling-1] c.e.e.s.OrderCancellationScheduler       : No expired pending orders found.
2026-08-19T15:23:19.223+05:30  INFO 7660 --- [ecommerce-rest-api] [http-nio-8080-exec-2] c.e.e.service.impl.ProductServiceImpl    : Fetching all products
2026-08-19T15:23:19.241+05:30  INFO 7660 --- [ecommerce-rest-api] [http-nio-8080-exec-1] c.e.e.service.impl.ProductServiceImpl    : Fetching all products
2026-08-19T15:23:21.790+05:30  INFO 7660 --- [ecommerce-rest-api] [http-nio-8080-exec-9] c.e.e.service.impl.ProductServiceImpl    : Fetching all products
2026-08-19T15:23:21.808+05:30  INFO 7660 --- [ecommerce-rest-api] [http-nio-8080-exec-4] c.e.e.service.impl.ProductServiceImpl    : Fetching all products
2026-08-19T15:23:23.538+05:30  INFO 7660 --- [ecommerce-rest-api] [http-nio-8080-exec-7] c.e.e.service.impl.ProductServiceImpl    : Fetching all products
2026-08-19T15:23:23.552+05:30  INFO 7660 --- [ecommerce-rest-api] [http-nio-8080-exec-3] c.e.e.service.impl.ProductServiceImpl    : Fetching all products
2026-08-19T15:23:23.721+05:30  INFO 7660 --- [ecommerce-rest-api] [http-nio-8080-exec-6] c.e.e.service.impl.ProductServiceImpl    : Fetching all products
2026-08-19T15:23:23.735+05:30  INFO 7660 --- [ecommerce-rest-api] [http-nio-8080-exec-5] c.e.e.service.impl.ProductServiceImpl    : Fetching all products
2026-08-19T15:23:23.934+05:30  INFO 7660 --- [ecommerce-rest-api] [http-nio-8080-exec-8] c.e.e.service.impl.ProductServiceImpl    : Fetching all products
2026-08-19T15:23:23.945+05:30  INFO 7660 --- [ecommerce-rest-api] [http-nio-8080-exec-10] c.e.e.service.impl.ProductServiceImpl    : Fetching all products
2026-08-19T15:26:38.291+05:30 DEBUG 7660 --- [ecommerce-rest-api] [scheduling-1] c.e.e.scheduler.CartCleanupScheduler     : No abandoned carts found.
2026-08-19T15:26:38.291+05:30 DEBUG 7660 --- [ecommerce-rest-api] [scheduling-1] c.e.e.s.OrderCancellationScheduler       : No expired pending orders found.
2026-08-19T15:27:06.212+05:30  INFO 7660 --- [ecommerce-rest-api] [http-nio-8080-exec-9] c.e.e.service.impl.ProductServiceImpl    : Fetching all products
2026-08-19T15:31:38.295+05:30 DEBUG 7660 --- [ecommerce-rest-api] [scheduling-1] c.e.e.scheduler.CartCleanupScheduler     : No abandoned carts found.
2026-08-19T15:31:38.300+05:30 DEBUG 7660 --- [ecommerce-rest-api] [scheduling-1] c.e.e.s.OrderCancellationScheduler       : No expired pending orders found.
2026-08-19T15:35:12.410+05:30  INFO 7660 --- [ecommerce-rest-api] [SpringApplicationShutdownHook] o.s.b.w.e.tomcat.GracefulShutdown        : Commencing graceful shutdown. Waiting for active requests to complete
2026-08-19T15:35:12.426+05:30  INFO 7660 --- [ecommerce-rest-api] [tomcat-shutdown] o.s.b.w.e.tomcat.GracefulShutdown        : Graceful shutdown complete
2026-08-19T15:35:12.439+05:30  INFO 7660 --- [ecommerce-rest-api] [SpringApplicationShutdownHook] j.LocalContainerEntityManagerFactoryBean : Closing JPA EntityManagerFactory for persistence unit 'default'
2026-08-19T15:35:12.449+05:30  INFO 7660 --- [ecommerce-rest-api] [SpringApplicationShutdownHook] com.zaxxer.hikari.HikariDataSource       : HikariPool-1 - Shutdown initiated...
2026-08-19T15:35:12.453+05:30  INFO 7660 --- [ecommerce-rest-api] [SpringApplicationShutdownHook] com.zaxxer.hikari.HikariDataSource       : HikariPool-1 - Shutdown completed.
2026-08-19T15:35:18.691+05:30  INFO 18676 --- [ecommerce-rest-api] [restartedMain] c.e.ecommerce.EcommerceApplication       : Starting EcommerceApplication using Java 25 with PID 18676 (C:\Users\Admin\OneDrive\Desktop\Java Traingin stackly\Springboot_Projects\ecommerce-rest-api\ecommerce-rest-api\target\classes started by Admin in C:\Users\Admin\OneDrive\Desktop\Java Traingin stackly\Springboot_Projects\ecommerce-rest-api)
2026-08-19T15:35:18.694+05:30 DEBUG 18676 --- [ecommerce-rest-api] [restartedMain] c.e.ecommerce.EcommerceApplication       : Running with Spring Boot v3.4.13, Spring v6.2.15
2026-08-19T15:35:18.695+05:30  INFO 18676 --- [ecommerce-rest-api] [restartedMain] c.e.ecommerce.EcommerceApplication       : No active profile set, falling back to 1 default profile: "default"
2026-08-19T15:35:18.777+05:30  INFO 18676 --- [ecommerce-rest-api] [restartedMain] .e.DevToolsPropertyDefaultsPostProcessor : Devtools property defaults active! Set 'spring.devtools.add-properties' to 'false' to disable
2026-08-19T15:35:18.777+05:30  INFO 18676 --- [ecommerce-rest-api] [restartedMain] .e.DevToolsPropertyDefaultsPostProcessor : For additional web related logging consider setting the 'logging.level.web' property to 'DEBUG'
2026-08-19T15:35:20.388+05:30  INFO 18676 --- [ecommerce-rest-api] [restartedMain] .s.d.r.c.RepositoryConfigurationDelegate : Bootstrapping Spring Data JPA repositories in DEFAULT mode.
2026-08-19T15:35:20.517+05:30  INFO 18676 --- [ecommerce-rest-api] [restartedMain] .s.d.r.c.RepositoryConfigurationDelegate : Finished Spring Data repository scanning in 117 ms. Found 7 JPA repository interfaces.
2026-08-19T15:35:21.598+05:30  INFO 18676 --- [ecommerce-rest-api] [restartedMain] o.s.b.w.embedded.tomcat.TomcatWebServer  : Tomcat initialized with port 8080 (http)
2026-08-19T15:35:21.629+05:30  INFO 18676 --- [ecommerce-rest-api] [restartedMain] o.apache.catalina.core.StandardService   : Starting service [Tomcat]
2026-08-19T15:35:21.630+05:30  INFO 18676 --- [ecommerce-rest-api] [restartedMain] o.apache.catalina.core.StandardEngine    : Starting Servlet engine: [Apache Tomcat/10.1.50]
2026-08-19T15:35:21.739+05:30  INFO 18676 --- [ecommerce-rest-api] [restartedMain] o.a.c.c.C.[Tomcat].[localhost].[/]       : Initializing Spring embedded WebApplicationContext
2026-08-19T15:35:21.739+05:30  INFO 18676 --- [ecommerce-rest-api] [restartedMain] w.s.c.ServletWebServerApplicationContext : Root WebApplicationContext: initialization completed in 2961 ms
2026-08-19T15:35:22.090+05:30  INFO 18676 --- [ecommerce-rest-api] [restartedMain] o.hibernate.jpa.internal.util.LogHelper  : HHH000204: Processing PersistenceUnitInfo [name: default]
2026-08-19T15:35:22.184+05:30  INFO 18676 --- [ecommerce-rest-api] [restartedMain] org.hibernate.Version                    : HHH000412: Hibernate ORM core version 6.6.39.Final
2026-08-19T15:35:22.231+05:30  INFO 18676 --- [ecommerce-rest-api] [restartedMain] o.h.c.internal.RegionFactoryInitiator    : HHH000026: Second-level cache disabled
2026-08-19T15:35:22.602+05:30  INFO 18676 --- [ecommerce-rest-api] [restartedMain] o.s.o.j.p.SpringPersistenceUnitInfo      : No LoadTimeWeaver setup: ignoring JPA class transformer
2026-08-19T15:35:22.649+05:30  INFO 18676 --- [ecommerce-rest-api] [restartedMain] com.zaxxer.hikari.HikariDataSource       : HikariPool-1 - Starting...
2026-08-19T15:35:22.874+05:30  INFO 18676 --- [ecommerce-rest-api] [restartedMain] com.zaxxer.hikari.pool.HikariPool        : HikariPool-1 - Added connection com.mysql.cj.jdbc.ConnectionImpl@158063c6
2026-08-19T15:35:22.875+05:30  INFO 18676 --- [ecommerce-rest-api] [restartedMain] com.zaxxer.hikari.HikariDataSource       : HikariPool-1 - Start completed.
2026-08-19T15:35:22.991+05:30  INFO 18676 --- [ecommerce-rest-api] [restartedMain] org.hibernate.orm.connections.pooling    : HHH10001005: Database info:
	Database JDBC URL [Connecting through datasource 'HikariDataSource (HikariPool-1)']
	Database driver: undefined/unknown
	Database version: 8.0.42
	Autocommit mode: undefined/unknown
	Isolation level: undefined/unknown
	Minimum pool size: undefined/unknown
	Maximum pool size: undefined/unknown
2026-08-19T15:35:24.417+05:30  INFO 18676 --- [ecommerce-rest-api] [restartedMain] o.h.e.t.j.p.i.JtaPlatformInitiator       : HHH000489: No JTA platform available (set 'hibernate.transaction.jta.platform' to enable JTA platform integration)
2026-08-19T15:35:24.854+05:30  INFO 18676 --- [ecommerce-rest-api] [restartedMain] j.LocalContainerEntityManagerFactoryBean : Initialized JPA EntityManagerFactory for persistence unit 'default'
2026-08-19T15:35:25.292+05:30  INFO 18676 --- [ecommerce-rest-api] [restartedMain] o.s.d.j.r.query.QueryEnhancerFactory     : Hibernate is in classpath; If applicable, HQL parser will be used.
2026-08-19T15:35:25.970+05:30  WARN 18676 --- [ecommerce-rest-api] [restartedMain] JpaBaseConfiguration$JpaWebConfiguration : spring.jpa.open-in-view is enabled by default. Therefore, database queries may be performed during view rendering. Explicitly configure spring.jpa.open-in-view to disable this warning
2026-08-19T15:35:26.783+05:30  INFO 18676 --- [ecommerce-rest-api] [restartedMain] o.s.b.d.a.OptionalLiveReloadServer       : LiveReload server is running on port 35729
2026-08-19T15:35:26.792+05:30  INFO 18676 --- [ecommerce-rest-api] [restartedMain] o.s.b.a.e.web.EndpointLinksResolver      : Exposing 4 endpoints beneath base path '/actuator'
2026-08-19T15:35:26.901+05:30  INFO 18676 --- [ecommerce-rest-api] [restartedMain] o.s.b.w.embedded.tomcat.TomcatWebServer  : Tomcat started on port 8080 (http) with context path '/'
2026-08-19T15:35:26.921+05:30  INFO 18676 --- [ecommerce-rest-api] [restartedMain] c.e.ecommerce.EcommerceApplication       : Started EcommerceApplication in 8.985 seconds (process running for 9.865)
2026-08-19T15:35:27.024+05:30  WARN 18676 --- [ecommerce-rest-api] [restartedMain] o.s.core.events.SpringDocAppInitializer  : SpringDoc /v3/api-docs endpoint is enabled by default. To disable it in production, set the property 'springdoc.api-docs.enabled=false'
2026-08-19T15:35:27.061+05:30 DEBUG 18676 --- [ecommerce-rest-api] [scheduling-1] c.e.e.scheduler.CartCleanupScheduler     : No abandoned carts found.
2026-08-19T15:35:27.075+05:30 DEBUG 18676 --- [ecommerce-rest-api] [scheduling-1] c.e.e.s.OrderCancellationScheduler       : No expired pending orders found.
2026-08-19T15:35:36.867+05:30  INFO 18676 --- [ecommerce-rest-api] [http-nio-8080-exec-1] o.a.c.c.C.[Tomcat].[localhost].[/]       : Initializing Spring DispatcherServlet 'dispatcherServlet'
2026-08-19T15:35:36.867+05:30  INFO 18676 --- [ecommerce-rest-api] [http-nio-8080-exec-1] o.s.web.servlet.DispatcherServlet        : Initializing Servlet 'dispatcherServlet'
2026-08-19T15:35:36.871+05:30  INFO 18676 --- [ecommerce-rest-api] [http-nio-8080-exec-1] o.s.web.servlet.DispatcherServlet        : Completed initialization in 4 ms
2026-08-19T15:35:36.927+05:30  INFO 18676 --- [ecommerce-rest-api] [http-nio-8080-exec-1] c.e.e.service.impl.ProductServiceImpl    : Fetching all products
2026-08-19T15:35:37.132+05:30  INFO 18676 --- [ecommerce-rest-api] [http-nio-8080-exec-2] c.e.e.service.impl.ProductServiceImpl    : Fetching all products
2026-08-19T15:35:43.822+05:30  INFO 18676 --- [ecommerce-rest-api] [http-nio-8080-exec-3] c.e.e.service.impl.CustomerServiceImpl   : Fetching all customers
2026-08-19T15:35:43.842+05:30  INFO 18676 --- [ecommerce-rest-api] [http-nio-8080-exec-6] c.e.e.service.impl.CustomerServiceImpl   : Fetching all customers
2026-08-19T15:35:59.541+05:30  INFO 18676 --- [ecommerce-rest-api] [http-nio-8080-exec-5] c.e.e.service.impl.ProductServiceImpl    : Fetching all products
2026-08-19T15:35:59.541+05:30  INFO 18676 --- [ecommerce-rest-api] [http-nio-8080-exec-7] c.e.e.service.impl.CustomerServiceImpl   : Fetching all customers
2026-08-19T15:35:59.565+05:30  INFO 18676 --- [ecommerce-rest-api] [http-nio-8080-exec-9] c.e.e.service.impl.CustomerServiceImpl   : Fetching all customers
2026-08-19T15:35:59.565+05:30  INFO 18676 --- [ecommerce-rest-api] [http-nio-8080-exec-8] c.e.e.service.impl.ProductServiceImpl    : Fetching all products
2026-08-19T15:36:04.354+05:30  INFO 18676 --- [ecommerce-rest-api] [http-nio-8080-exec-1] c.e.e.service.impl.ProductServiceImpl    : Fetching all products
2026-08-19T15:36:04.370+05:30  INFO 18676 --- [ecommerce-rest-api] [http-nio-8080-exec-1] c.e.e.service.impl.ProductServiceImpl    : Fetching all products
2026-08-19T15:36:11.093+05:30  INFO 18676 --- [ecommerce-rest-api] [http-nio-8080-exec-3] c.e.e.service.impl.CustomerServiceImpl   : Fetching all customers
2026-08-19T15:36:11.102+05:30  INFO 18676 --- [ecommerce-rest-api] [http-nio-8080-exec-6] c.e.e.service.impl.CustomerServiceImpl   : Fetching all customers
2026-08-19T15:36:25.162+05:30  INFO 18676 --- [ecommerce-rest-api] [http-nio-8080-exec-1] c.e.e.service.impl.CustomerServiceImpl   : Fetching all customers
2026-08-19T15:36:25.162+05:30  INFO 18676 --- [ecommerce-rest-api] [http-nio-8080-exec-2] c.e.e.service.impl.ProductServiceImpl    : Fetching all products
2026-08-19T15:36:25.182+05:30  INFO 18676 --- [ecommerce-rest-api] [http-nio-8080-exec-6] c.e.e.service.impl.ProductServiceImpl    : Fetching all products
2026-08-19T15:36:25.184+05:30  INFO 18676 --- [ecommerce-rest-api] [http-nio-8080-exec-5] c.e.e.service.impl.CustomerServiceImpl   : Fetching all customers
2026-08-19T15:40:26.940+05:30 DEBUG 18676 --- [ecommerce-rest-api] [scheduling-1] c.e.e.scheduler.CartCleanupScheduler     : No abandoned carts found.
2026-08-19T15:40:26.949+05:30 DEBUG 18676 --- [ecommerce-rest-api] [scheduling-1] c.e.e.s.OrderCancellationScheduler       : No expired pending orders found.
2026-08-19T15:42:03.212+05:30  INFO 18676 --- [ecommerce-rest-api] [http-nio-8080-exec-1] c.e.e.service.impl.CustomerServiceImpl   : Fetching all customers
2026-08-19T15:42:03.212+05:30  INFO 18676 --- [ecommerce-rest-api] [http-nio-8080-exec-2] c.e.e.service.impl.ProductServiceImpl    : Fetching all products
2026-08-19T15:42:03.233+05:30  INFO 18676 --- [ecommerce-rest-api] [http-nio-8080-exec-3] c.e.e.service.impl.ProductServiceImpl    : Fetching all products
2026-08-19T15:42:03.233+05:30  INFO 18676 --- [ecommerce-rest-api] [http-nio-8080-exec-5] c.e.e.service.impl.CustomerServiceImpl   : Fetching all customers
2026-08-19T15:42:05.588+05:30  INFO 18676 --- [ecommerce-rest-api] [http-nio-8080-exec-9] c.e.e.service.impl.ProductServiceImpl    : Fetching all products
2026-08-19T15:42:05.607+05:30  INFO 18676 --- [ecommerce-rest-api] [http-nio-8080-exec-10] c.e.e.service.impl.ProductServiceImpl    : Fetching all products
2026-08-19T15:42:13.369+05:30  INFO 18676 --- [ecommerce-rest-api] [http-nio-8080-exec-4] c.e.e.service.impl.CustomerServiceImpl   : Fetching all customers
2026-08-19T15:42:13.385+05:30  INFO 18676 --- [ecommerce-rest-api] [http-nio-8080-exec-8] c.e.e.service.impl.CustomerServiceImpl   : Fetching all customers
2026-08-19T15:43:02.046+05:30  INFO 18676 --- [ecommerce-rest-api] [http-nio-8080-exec-1] c.e.e.service.impl.CustomerServiceImpl   : Updating customer with ID: 1
2026-08-19T15:43:02.074+05:30  INFO 18676 --- [ecommerce-rest-api] [http-nio-8080-exec-1] c.e.e.service.impl.CustomerServiceImpl   : Customer updated successfully with ID: 1
2026-08-19T15:43:34.285+05:30  INFO 18676 --- [ecommerce-rest-api] [http-nio-8080-exec-7] c.e.e.service.impl.CustomerServiceImpl   : Creating customer with email: hari@gmail.com
2026-08-19T15:43:34.306+05:30  INFO 18676 --- [ecommerce-rest-api] [http-nio-8080-exec-7] c.e.e.service.impl.CustomerServiceImpl   : Customer created successfully with ID: 10
2026-08-19T15:43:43.516+05:30  INFO 18676 --- [ecommerce-rest-api] [http-nio-8080-exec-9] c.e.e.service.impl.ProductServiceImpl    : Fetching all products
2026-08-19T15:43:43.527+05:30  INFO 18676 --- [ecommerce-rest-api] [http-nio-8080-exec-10] c.e.e.service.impl.ProductServiceImpl    : Fetching all products
2026-08-19T15:44:25.308+05:30  INFO 18676 --- [ecommerce-rest-api] [http-nio-8080-exec-8] c.e.e.service.impl.ProductServiceImpl    : Deleting product with ID: 1
2026-08-19T15:44:25.321+05:30  INFO 18676 --- [ecommerce-rest-api] [http-nio-8080-exec-8] c.e.e.service.impl.ProductServiceImpl    : Product deleted successfully. ID: 1
2026-08-19T15:44:46.737+05:30  INFO 18676 --- [ecommerce-rest-api] [http-nio-8080-exec-1] c.e.e.service.impl.ProductServiceImpl    : Updating product with ID: 2
2026-08-19T15:44:46.740+05:30  INFO 18676 --- [ecommerce-rest-api] [http-nio-8080-exec-1] c.e.e.service.impl.ProductServiceImpl    : Product updated successfully. ID: 2
2026-08-19T15:45:14.365+05:30  INFO 18676 --- [ecommerce-rest-api] [http-nio-8080-exec-7] c.e.e.service.impl.CartItemServiceImpl   : Adding product ID 1 to cart ID 1
2026-08-19T15:45:14.373+05:30  WARN 18676 --- [ecommerce-rest-api] [http-nio-8080-exec-7] .m.m.a.ExceptionHandlerExceptionResolver : Resolved [com.example.ecommerce.exception.ResourceNotFoundException: Product not found with ID: 1]
2026-08-19T15:45:19.884+05:30  INFO 18676 --- [ecommerce-rest-api] [http-nio-8080-exec-10] c.e.e.service.impl.CartItemServiceImpl   : Adding product ID 1 to cart ID 2
2026-08-19T15:45:19.888+05:30  WARN 18676 --- [ecommerce-rest-api] [http-nio-8080-exec-10] .m.m.a.ExceptionHandlerExceptionResolver : Resolved [com.example.ecommerce.exception.ResourceNotFoundException: Shopping cart not found with ID: 2]
2026-08-19T15:45:26.930+05:30 DEBUG 18676 --- [ecommerce-rest-api] [scheduling-1] c.e.e.scheduler.CartCleanupScheduler     : No abandoned carts found.
2026-08-19T15:45:26.935+05:30 DEBUG 18676 --- [ecommerce-rest-api] [scheduling-1] c.e.e.s.OrderCancellationScheduler       : No expired pending orders found.
2026-08-19T15:45:31.490+05:30  INFO 18676 --- [ecommerce-rest-api] [http-nio-8080-exec-8] c.e.e.service.impl.CartItemServiceImpl   : Adding product ID 1 to cart ID 4
2026-08-19T15:45:31.494+05:30  WARN 18676 --- [ecommerce-rest-api] [http-nio-8080-exec-8] .m.m.a.ExceptionHandlerExceptionResolver : Resolved [com.example.ecommerce.exception.ResourceNotFoundException: Shopping cart not found with ID: 4]
2026-08-19T15:45:46.735+05:30  INFO 18676 --- [ecommerce-rest-api] [http-nio-8080-exec-7] c.e.e.service.impl.CustomerServiceImpl   : Fetching all customers
2026-08-19T15:45:46.735+05:30  INFO 18676 --- [ecommerce-rest-api] [http-nio-8080-exec-9] c.e.e.service.impl.ProductServiceImpl    : Fetching all products
2026-08-19T15:45:46.749+05:30  INFO 18676 --- [ecommerce-rest-api] [http-nio-8080-exec-8] c.e.e.service.impl.CustomerServiceImpl   : Fetching all customers
2026-08-19T15:45:46.749+05:30  INFO 18676 --- [ecommerce-rest-api] [http-nio-8080-exec-4] c.e.e.service.impl.ProductServiceImpl    : Fetching all products
2026-08-19T15:45:53.359+05:30  INFO 18676 --- [ecommerce-rest-api] [http-nio-8080-exec-1] c.e.e.service.impl.ProductServiceImpl    : Fetching all products
2026-08-19T15:45:53.372+05:30  INFO 18676 --- [ecommerce-rest-api] [http-nio-8080-exec-6] c.e.e.service.impl.ProductServiceImpl    : Fetching all products
2026-08-19T15:49:00.188+05:30  INFO 18676 --- [ecommerce-rest-api] [http-nio-8080-exec-9] c.e.e.service.impl.ProductServiceImpl    : Fetching all products
2026-08-19T15:50:26.924+05:30 DEBUG 18676 --- [ecommerce-rest-api] [scheduling-1] c.e.e.scheduler.CartCleanupScheduler     : No abandoned carts found.
2026-08-19T15:50:26.929+05:30 DEBUG 18676 --- [ecommerce-rest-api] [scheduling-1] c.e.e.s.OrderCancellationScheduler       : No expired pending orders found.
2026-08-19T15:50:44.692+05:30  INFO 18676 --- [ecommerce-rest-api] [http-nio-8080-exec-4] c.e.e.service.impl.ProductServiceImpl    : Fetching all products
2026-08-19T15:50:44.702+05:30  INFO 18676 --- [ecommerce-rest-api] [http-nio-8080-exec-8] c.e.e.service.impl.ProductServiceImpl    : Fetching all products
2026-08-19T15:51:12.920+05:30  INFO 18676 --- [ecommerce-rest-api] [http-nio-8080-exec-6] c.e.e.service.impl.ProductServiceImpl    : Creating product: pencil
2026-08-19T15:51:12.924+05:30  INFO 18676 --- [ecommerce-rest-api] [http-nio-8080-exec-6] c.e.e.service.impl.ProductServiceImpl    : Product created successfully. ID: 9
2026-08-19T15:51:12.934+05:30  INFO 18676 --- [ecommerce-rest-api] [http-nio-8080-exec-3] c.e.e.service.impl.ProductServiceImpl    : Fetching all products
2026-08-19T15:51:20.170+05:30  INFO 18676 --- [ecommerce-rest-api] [http-nio-8080-exec-5] c.e.e.service.impl.CustomerServiceImpl   : Fetching all customers
2026-08-19T15:51:20.181+05:30  INFO 18676 --- [ecommerce-rest-api] [http-nio-8080-exec-7] c.e.e.service.impl.CustomerServiceImpl   : Fetching all customers
2026-08-19T15:51:41.774+05:30  INFO 18676 --- [ecommerce-rest-api] [http-nio-8080-exec-4] c.e.e.service.impl.CartItemServiceImpl   : Adding product ID 1 to cart ID 1
2026-08-19T15:51:41.779+05:30  WARN 18676 --- [ecommerce-rest-api] [http-nio-8080-exec-4] .m.m.a.ExceptionHandlerExceptionResolver : Resolved [com.example.ecommerce.exception.ResourceNotFoundException: Product not found with ID: 1]
2026-08-19T15:51:47.686+05:30  INFO 18676 --- [ecommerce-rest-api] [http-nio-8080-exec-8] c.e.e.service.impl.CartItemServiceImpl   : Adding product ID 1 to cart ID 2
2026-08-19T15:51:47.689+05:30  WARN 18676 --- [ecommerce-rest-api] [http-nio-8080-exec-8] .m.m.a.ExceptionHandlerExceptionResolver : Resolved [com.example.ecommerce.exception.ResourceNotFoundException: Shopping cart not found with ID: 2]
2026-08-19T15:51:51.533+05:30  INFO 18676 --- [ecommerce-rest-api] [http-nio-8080-exec-2] c.e.e.service.impl.CartItemServiceImpl   : Adding product ID 1 to cart ID 3
2026-08-19T15:51:51.536+05:30  WARN 18676 --- [ecommerce-rest-api] [http-nio-8080-exec-2] .m.m.a.ExceptionHandlerExceptionResolver : Resolved [com.example.ecommerce.exception.ResourceNotFoundException: Shopping cart not found with ID: 3]
2026-08-19T15:55:26.935+05:30 DEBUG 18676 --- [ecommerce-rest-api] [scheduling-1] c.e.e.scheduler.CartCleanupScheduler     : No abandoned carts found.
2026-08-19T15:55:26.935+05:30 DEBUG 18676 --- [ecommerce-rest-api] [scheduling-1] c.e.e.s.OrderCancellationScheduler       : No expired pending orders found.
2026-08-19T16:00:26.928+05:30 DEBUG 18676 --- [ecommerce-rest-api] [scheduling-1] c.e.e.scheduler.CartCleanupScheduler     : No abandoned carts found.
2026-08-19T16:00:26.933+05:30 DEBUG 18676 --- [ecommerce-rest-api] [scheduling-1] c.e.e.s.OrderCancellationScheduler       : No expired pending orders found.
2026-08-19T16:00:41.362+05:30  INFO 18676 --- [ecommerce-rest-api] [http-nio-8080-exec-2] c.e.e.service.impl.CustomerServiceImpl   : Fetching all customers
2026-08-19T16:00:41.364+05:30  INFO 18676 --- [ecommerce-rest-api] [http-nio-8080-exec-8] c.e.e.service.impl.ProductServiceImpl    : Fetching all products
2026-08-19T16:00:41.381+05:30  INFO 18676 --- [ecommerce-rest-api] [http-nio-8080-exec-6] c.e.e.service.impl.ProductServiceImpl    : Fetching all products
2026-08-19T16:00:41.381+05:30  INFO 18676 --- [ecommerce-rest-api] [http-nio-8080-exec-3] c.e.e.service.impl.CustomerServiceImpl   : Fetching all customers
2026-08-19T16:00:43.503+05:30  INFO 18676 --- [ecommerce-rest-api] [http-nio-8080-exec-7] c.e.e.service.impl.ProductServiceImpl    : Fetching all products
2026-08-19T16:00:43.513+05:30  INFO 18676 --- [ecommerce-rest-api] [http-nio-8080-exec-9] c.e.e.service.impl.ProductServiceImpl    : Fetching all products
2026-08-19T16:00:48.300+05:30  INFO 18676 --- [ecommerce-rest-api] [http-nio-8080-exec-10] c.e.e.service.impl.CustomerServiceImpl   : Fetching all customers
2026-08-19T16:00:48.309+05:30  INFO 18676 --- [ecommerce-rest-api] [http-nio-8080-exec-4] c.e.e.service.impl.CustomerServiceImpl   : Fetching all customers
2026-08-19T16:00:50.948+05:30  INFO 18676 --- [ecommerce-rest-api] [http-nio-8080-exec-8] c.e.e.service.impl.CustomerServiceImpl   : Fetching all customers
2026-08-19T16:00:50.948+05:30  INFO 18676 --- [ecommerce-rest-api] [http-nio-8080-exec-2] c.e.e.service.impl.ProductServiceImpl    : Fetching all products
2026-08-19T16:00:50.956+05:30  INFO 18676 --- [ecommerce-rest-api] [http-nio-8080-exec-3] c.e.e.service.impl.ProductServiceImpl    : Fetching all products
2026-08-19T16:00:50.956+05:30  INFO 18676 --- [ecommerce-rest-api] [http-nio-8080-exec-1] c.e.e.service.impl.CustomerServiceImpl   : Fetching all customers
2026-08-19T16:00:58.796+05:30  WARN 18676 --- [ecommerce-rest-api] [http-nio-8080-exec-7] .m.m.a.ExceptionHandlerExceptionResolver : Resolved [com.example.ecommerce.exception.ResourceNotFoundException: Shopping cart not found for customer: 4]
2026-08-19T16:01:07.926+05:30  INFO 18676 --- [ecommerce-rest-api] [http-nio-8080-exec-10] c.e.e.s.impl.ShoppingCartServiceImpl     : Creating shopping cart for customer ID: 4
2026-08-19T16:01:07.937+05:30  INFO 18676 --- [ecommerce-rest-api] [http-nio-8080-exec-10] c.e.e.s.impl.ShoppingCartServiceImpl     : Shopping cart created successfully with ID: 2
2026-08-19T16:01:07.948+05:30  INFO 18676 --- [ecommerce-rest-api] [http-nio-8080-exec-4] c.e.e.service.impl.CartItemServiceImpl   : Adding product ID 2 to cart ID 2
2026-08-19T16:01:07.970+05:30  INFO 18676 --- [ecommerce-rest-api] [http-nio-8080-exec-4] c.e.e.service.impl.CartItemServiceImpl   : Cart item created successfully with ID: 3
2026-08-19T16:01:19.348+05:30  INFO 18676 --- [ecommerce-rest-api] [http-nio-8080-exec-1] c.e.e.service.impl.OrderServiceImpl      : Processing checkout for customer ID: 4
2026-08-19T16:01:19.385+05:30  INFO 18676 --- [ecommerce-rest-api] [http-nio-8080-exec-1] c.e.e.service.impl.OrderServiceImpl      : Checkout completed successfully. Order ID: 3, Payment ID: 3
2026-08-19T16:01:26.313+05:30  INFO 18676 --- [ecommerce-rest-api] [http-nio-8080-exec-3] c.e.e.service.impl.CartItemServiceImpl   : Adding product ID 2 to cart ID 2
2026-08-19T16:01:26.324+05:30  INFO 18676 --- [ecommerce-rest-api] [http-nio-8080-exec-3] c.e.e.service.impl.CartItemServiceImpl   : Cart item created successfully with ID: 4
2026-08-19T16:01:43.213+05:30  INFO 18676 --- [ecommerce-rest-api] [http-nio-8080-exec-8] c.e.e.service.impl.PaymentServiceImpl    : Processing payment with ID: 3
2026-08-19T16:01:43.217+05:30  INFO 18676 --- [ecommerce-rest-api] [http-nio-8080-exec-8] c.e.e.service.impl.PaymentServiceImpl    : Payment processed successfully with ID: 3
2026-08-19T16:01:46.295+05:30  INFO 18676 --- [ecommerce-rest-api] [http-nio-8080-exec-1] c.e.e.service.impl.PaymentServiceImpl    : Processing payment with ID: 2
2026-08-19T16:01:46.298+05:30  INFO 18676 --- [ecommerce-rest-api] [http-nio-8080-exec-1] c.e.e.service.impl.PaymentServiceImpl    : Payment processed successfully with ID: 2
2026-08-19T16:02:10.431+05:30  INFO 18676 --- [ecommerce-rest-api] [http-nio-8080-exec-10] c.e.e.service.impl.CustomerServiceImpl   : Fetching all customers
2026-08-19T16:02:10.431+05:30  INFO 18676 --- [ecommerce-rest-api] [http-nio-8080-exec-9] c.e.e.service.impl.ProductServiceImpl    : Fetching all products
2026-08-19T16:02:10.440+05:30  INFO 18676 --- [ecommerce-rest-api] [http-nio-8080-exec-2] c.e.e.service.impl.CustomerServiceImpl   : Fetching all customers
2026-08-19T16:02:10.440+05:30  INFO 18676 --- [ecommerce-rest-api] [http-nio-8080-exec-8] c.e.e.service.impl.ProductServiceImpl    : Fetching all products
2026-08-19T16:05:26.924+05:30 DEBUG 18676 --- [ecommerce-rest-api] [scheduling-1] c.e.e.scheduler.CartCleanupScheduler     : No abandoned carts found.
2026-08-19T16:05:26.924+05:30 DEBUG 18676 --- [ecommerce-rest-api] [scheduling-1] c.e.e.s.OrderCancellationScheduler       : No expired pending orders found.
2026-08-19T16:06:09.484+05:30  INFO 18676 --- [ecommerce-rest-api] [http-nio-8080-exec-6] c.e.e.service.impl.CustomerServiceImpl   : Fetching all customers
2026-08-19T16:06:09.485+05:30  INFO 18676 --- [ecommerce-rest-api] [http-nio-8080-exec-5] c.e.e.service.impl.ProductServiceImpl    : Fetching all products
2026-08-19T16:06:09.491+05:30  INFO 18676 --- [ecommerce-rest-api] [http-nio-8080-exec-7] c.e.e.service.impl.CustomerServiceImpl   : Fetching all customers
2026-08-19T16:06:09.491+05:30  INFO 18676 --- [ecommerce-rest-api] [http-nio-8080-exec-10] c.e.e.service.impl.ProductServiceImpl    : Fetching all products
2026-08-19T16:06:27.190+05:30  WARN 18676 --- [ecommerce-rest-api] [http-nio-8080-exec-2] .m.m.a.ExceptionHandlerExceptionResolver : Resolved [com.example.ecommerce.exception.ResourceNotFoundException: Shopping cart not found for customer: 10]
2026-08-19T16:06:33.883+05:30  INFO 18676 --- [ecommerce-rest-api] [http-nio-8080-exec-4] c.e.e.s.impl.ShoppingCartServiceImpl     : Creating shopping cart for customer ID: 10
2026-08-19T16:06:33.887+05:30  INFO 18676 --- [ecommerce-rest-api] [http-nio-8080-exec-4] c.e.e.s.impl.ShoppingCartServiceImpl     : Shopping cart created successfully with ID: 3
2026-08-19T16:06:33.898+05:30  INFO 18676 --- [ecommerce-rest-api] [http-nio-8080-exec-1] c.e.e.service.impl.CartItemServiceImpl   : Adding product ID 2 to cart ID 3
2026-08-19T16:06:33.932+05:30  WARN 18676 --- [ecommerce-rest-api] [http-nio-8080-exec-1] o.h.engine.jdbc.spi.SqlExceptionHelper   : SQL Error: 1062, SQLState: 23000
2026-08-19T16:06:33.932+05:30 ERROR 18676 --- [ecommerce-rest-api] [http-nio-8080-exec-1] o.h.engine.jdbc.spi.SqlExceptionHelper   : Duplicate entry '2' for key 'cart_items.uk_cart_product'
2026-08-19T16:06:33.941+05:30  WARN 18676 --- [ecommerce-rest-api] [http-nio-8080-exec-1] .m.m.a.ExceptionHandlerExceptionResolver : Resolved [org.springframework.dao.DataIntegrityViolationException: could not execute statement [Duplicate entry '2' for key 'cart_items.uk_cart_product'] [/* insert for com.example.ecommerce.entity.CartItem */insert into cart_items (created_at,product_id,quantity,cart_id,updated_at) values (?,?,?,?,?)]; SQL [/* insert for com.example.ecommerce.entity.CartItem */insert into cart_items (created_at,product_id,quantity,cart_id,updated_at) values (?,?,?,?,?)]; constraint [cart_items.uk_cart_product]]
2026-08-19T16:06:37.488+05:30  INFO 18676 --- [ecommerce-rest-api] [http-nio-8080-exec-3] c.e.e.service.impl.CartItemServiceImpl   : Adding product ID 2 to cart ID 3
2026-08-19T16:06:37.498+05:30  WARN 18676 --- [ecommerce-rest-api] [http-nio-8080-exec-3] o.h.engine.jdbc.spi.SqlExceptionHelper   : SQL Error: 1062, SQLState: 23000
2026-08-19T16:06:37.498+05:30 ERROR 18676 --- [ecommerce-rest-api] [http-nio-8080-exec-3] o.h.engine.jdbc.spi.SqlExceptionHelper   : Duplicate entry '2' for key 'cart_items.uk_cart_product'
2026-08-19T16:06:37.501+05:30  WARN 18676 --- [ecommerce-rest-api] [http-nio-8080-exec-3] .m.m.a.ExceptionHandlerExceptionResolver : Resolved [org.springframework.dao.DataIntegrityViolationException: could not execute statement [Duplicate entry '2' for key 'cart_items.uk_cart_product'] [/* insert for com.example.ecommerce.entity.CartItem */insert into cart_items (created_at,product_id,quantity,cart_id,updated_at) values (?,?,?,?,?)]; SQL [/* insert for com.example.ecommerce.entity.CartItem */insert into cart_items (created_at,product_id,quantity,cart_id,updated_at) values (?,?,?,?,?)]; constraint [cart_items.uk_cart_product]]
2026-08-19T16:06:41.488+05:30  INFO 18676 --- [ecommerce-rest-api] [http-nio-8080-exec-6] c.e.e.service.impl.CartItemServiceImpl   : Adding product ID 2 to cart ID 3
2026-08-19T16:06:41.496+05:30  WARN 18676 --- [ecommerce-rest-api] [http-nio-8080-exec-6] o.h.engine.jdbc.spi.SqlExceptionHelper   : SQL Error: 1062, SQLState: 23000
2026-08-19T16:06:41.496+05:30 ERROR 18676 --- [ecommerce-rest-api] [http-nio-8080-exec-6] o.h.engine.jdbc.spi.SqlExceptionHelper   : Duplicate entry '2' for key 'cart_items.uk_cart_product'
2026-08-19T16:06:41.500+05:30  WARN 18676 --- [ecommerce-rest-api] [http-nio-8080-exec-6] .m.m.a.ExceptionHandlerExceptionResolver : Resolved [org.springframework.dao.DataIntegrityViolationException: could not execute statement [Duplicate entry '2' for key 'cart_items.uk_cart_product'] [/* insert for com.example.ecommerce.entity.CartItem */insert into cart_items (created_at,product_id,quantity,cart_id,updated_at) values (?,?,?,?,?)]; SQL [/* insert for com.example.ecommerce.entity.CartItem */insert into cart_items (created_at,product_id,quantity,cart_id,updated_at) values (?,?,?,?,?)]; constraint [cart_items.uk_cart_product]]
2026-08-19T16:06:44.869+05:30  INFO 18676 --- [ecommerce-rest-api] [http-nio-8080-exec-5] c.e.e.service.impl.CartItemServiceImpl   : Adding product ID 2 to cart ID 3
2026-08-19T16:06:44.878+05:30  WARN 18676 --- [ecommerce-rest-api] [http-nio-8080-exec-5] o.h.engine.jdbc.spi.SqlExceptionHelper   : SQL Error: 1062, SQLState: 23000
2026-08-19T16:06:44.878+05:30 ERROR 18676 --- [ecommerce-rest-api] [http-nio-8080-exec-5] o.h.engine.jdbc.spi.SqlExceptionHelper   : Duplicate entry '2' for key 'cart_items.uk_cart_product'
2026-08-19T16:06:44.881+05:30  WARN 18676 --- [ecommerce-rest-api] [http-nio-8080-exec-5] .m.m.a.ExceptionHandlerExceptionResolver : Resolved [org.springframework.dao.DataIntegrityViolationException: could not execute statement [Duplicate entry '2' for key 'cart_items.uk_cart_product'] [/* insert for com.example.ecommerce.entity.CartItem */insert into cart_items (created_at,product_id,quantity,cart_id,updated_at) values (?,?,?,?,?)]; SQL [/* insert for com.example.ecommerce.entity.CartItem */insert into cart_items (created_at,product_id,quantity,cart_id,updated_at) values (?,?,?,?,?)]; constraint [cart_items.uk_cart_product]]
2026-08-19T16:06:48.350+05:30  WARN 18676 --- [ecommerce-rest-api] [http-nio-8080-exec-7] .m.m.a.ExceptionHandlerExceptionResolver : Resolved [com.example.ecommerce.exception.ResourceNotFoundException: Shopping cart not found for customer: 9]
2026-08-19T16:06:49.915+05:30  INFO 18676 --- [ecommerce-rest-api] [http-nio-8080-exec-10] c.e.e.s.impl.ShoppingCartServiceImpl     : Creating shopping cart for customer ID: 9
2026-08-19T16:06:49.920+05:30  INFO 18676 --- [ecommerce-rest-api] [http-nio-8080-exec-10] c.e.e.s.impl.ShoppingCartServiceImpl     : Shopping cart created successfully with ID: 4
2026-08-19T16:06:49.929+05:30  INFO 18676 --- [ecommerce-rest-api] [http-nio-8080-exec-9] c.e.e.service.impl.CartItemServiceImpl   : Adding product ID 2 to cart ID 4
2026-08-19T16:06:49.940+05:30  WARN 18676 --- [ecommerce-rest-api] [http-nio-8080-exec-9] o.h.engine.jdbc.spi.SqlExceptionHelper   : SQL Error: 1062, SQLState: 23000
2026-08-19T16:06:49.940+05:30 ERROR 18676 --- [ecommerce-rest-api] [http-nio-8080-exec-9] o.h.engine.jdbc.spi.SqlExceptionHelper   : Duplicate entry '2' for key 'cart_items.uk_cart_product'
2026-08-19T16:06:49.943+05:30  WARN 18676 --- [ecommerce-rest-api] [http-nio-8080-exec-9] .m.m.a.ExceptionHandlerExceptionResolver : Resolved [org.springframework.dao.DataIntegrityViolationException: could not execute statement [Duplicate entry '2' for key 'cart_items.uk_cart_product'] [/* insert for com.example.ecommerce.entity.CartItem */insert into cart_items (created_at,product_id,quantity,cart_id,updated_at) values (?,?,?,?,?)]; SQL [/* insert for com.example.ecommerce.entity.CartItem */insert into cart_items (created_at,product_id,quantity,cart_id,updated_at) values (?,?,?,?,?)]; constraint [cart_items.uk_cart_product]]
2026-08-19T16:06:54.378+05:30  INFO 18676 --- [ecommerce-rest-api] [http-nio-8080-exec-8] c.e.e.service.impl.CartItemServiceImpl   : Adding product ID 8 to cart ID 4
2026-08-19T16:06:54.386+05:30  INFO 18676 --- [ecommerce-rest-api] [http-nio-8080-exec-8] c.e.e.service.impl.CartItemServiceImpl   : Cart item created successfully with ID: 10
2026-08-19T16:07:08.002+05:30  INFO 18676 --- [ecommerce-rest-api] [http-nio-8080-exec-1] c.e.e.service.impl.CartItemServiceImpl   : Updating cart item ID: 10
2026-08-19T16:07:08.005+05:30  INFO 18676 --- [ecommerce-rest-api] [http-nio-8080-exec-1] c.e.e.service.impl.CartItemServiceImpl   : Cart item updated successfully with ID: 10
2026-08-19T16:07:18.960+05:30  INFO 18676 --- [ecommerce-rest-api] [http-nio-8080-exec-8] c.e.e.service.impl.CustomerServiceImpl   : Fetching all customers
2026-08-19T16:07:18.960+05:30  INFO 18676 --- [ecommerce-rest-api] [http-nio-8080-exec-2] c.e.e.service.impl.ProductServiceImpl    : Fetching all products
2026-08-19T16:07:18.969+05:30  INFO 18676 --- [ecommerce-rest-api] [http-nio-8080-exec-1] c.e.e.service.impl.CustomerServiceImpl   : Fetching all customers
2026-08-19T16:07:18.969+05:30  INFO 18676 --- [ecommerce-rest-api] [http-nio-8080-exec-4] c.e.e.service.impl.ProductServiceImpl    : Fetching all products
2026-08-19T16:07:26.502+05:30  INFO 18676 --- [ecommerce-rest-api] [http-nio-8080-exec-9] c.e.e.service.impl.ProductServiceImpl    : Fetching all products
2026-08-19T16:07:26.502+05:30  INFO 18676 --- [ecommerce-rest-api] [http-nio-8080-exec-10] c.e.e.service.impl.CustomerServiceImpl   : Fetching all customers
2026-08-19T16:07:26.512+05:30  INFO 18676 --- [ecommerce-rest-api] [http-nio-8080-exec-2] c.e.e.service.impl.CustomerServiceImpl   : Fetching all customers
2026-08-19T16:07:26.512+05:30  INFO 18676 --- [ecommerce-rest-api] [http-nio-8080-exec-8] c.e.e.service.impl.ProductServiceImpl    : Fetching all products
2026-08-19T16:07:32.166+05:30  INFO 18676 --- [ecommerce-rest-api] [http-nio-8080-exec-6] c.e.e.service.impl.CartItemServiceImpl   : Adding product ID 8 to cart ID 4
2026-08-19T16:07:32.172+05:30  INFO 18676 --- [ecommerce-rest-api] [http-nio-8080-exec-6] c.e.e.service.impl.CartItemServiceImpl   : Existing cart item updated successfully. Cart ID: 4, Product ID: 8, Quantity: 3
2026-08-19T16:07:42.173+05:30  INFO 18676 --- [ecommerce-rest-api] [http-nio-8080-exec-9] c.e.e.service.impl.CustomerServiceImpl   : Fetching all customers
2026-08-19T16:07:42.173+05:30  INFO 18676 --- [ecommerce-rest-api] [http-nio-8080-exec-2] c.e.e.service.impl.ProductServiceImpl    : Fetching all products
2026-08-19T16:07:42.181+05:30  INFO 18676 --- [ecommerce-rest-api] [http-nio-8080-exec-8] c.e.e.service.impl.CustomerServiceImpl   : Fetching all customers
2026-08-19T16:07:42.181+05:30  INFO 18676 --- [ecommerce-rest-api] [http-nio-8080-exec-1] c.e.e.service.impl.ProductServiceImpl    : Fetching all products
2026-08-19T16:07:52.136+05:30  INFO 18676 --- [ecommerce-rest-api] [http-nio-8080-exec-5] c.e.e.service.impl.CustomerServiceImpl   : Fetching all customers
2026-08-19T16:07:52.136+05:30  INFO 18676 --- [ecommerce-rest-api] [http-nio-8080-exec-6] c.e.e.service.impl.ProductServiceImpl    : Fetching all products
2026-08-19T16:07:52.149+05:30  INFO 18676 --- [ecommerce-rest-api] [http-nio-8080-exec-10] c.e.e.service.impl.CustomerServiceImpl   : Fetching all customers
2026-08-19T16:07:52.151+05:30  INFO 18676 --- [ecommerce-rest-api] [http-nio-8080-exec-9] c.e.e.service.impl.ProductServiceImpl    : Fetching all products
2026-08-19T16:07:58.266+05:30  INFO 18676 --- [ecommerce-rest-api] [http-nio-8080-exec-8] c.e.e.service.impl.ProductServiceImpl    : Fetching all products
2026-08-19T16:07:58.280+05:30  INFO 18676 --- [ecommerce-rest-api] [http-nio-8080-exec-1] c.e.e.service.impl.ProductServiceImpl    : Fetching all products
2026-08-19T16:08:03.609+05:30  INFO 18676 --- [ecommerce-rest-api] [http-nio-8080-exec-4] c.e.e.service.impl.CustomerServiceImpl   : Fetching all customers
2026-08-19T16:08:03.614+05:30  INFO 18676 --- [ecommerce-rest-api] [http-nio-8080-exec-3] c.e.e.service.impl.CustomerServiceImpl   : Fetching all customers
2026-08-19T16:08:07.501+05:30  INFO 18676 --- [ecommerce-rest-api] [http-nio-8080-exec-5] c.e.e.service.impl.CustomerServiceImpl   : Fetching all customers
2026-08-19T16:08:07.501+05:30  INFO 18676 --- [ecommerce-rest-api] [http-nio-8080-exec-6] c.e.e.service.impl.ProductServiceImpl    : Fetching all products
2026-08-19T16:08:07.510+05:30  INFO 18676 --- [ecommerce-rest-api] [http-nio-8080-exec-9] c.e.e.service.impl.ProductServiceImpl    : Fetching all products
2026-08-19T16:08:07.510+05:30  INFO 18676 --- [ecommerce-rest-api] [http-nio-8080-exec-10] c.e.e.service.impl.CustomerServiceImpl   : Fetching all customers
2026-08-19T16:10:26.941+05:30 DEBUG 18676 --- [ecommerce-rest-api] [scheduling-1] c.e.e.scheduler.CartCleanupScheduler     : No abandoned carts found.
2026-08-19T16:10:26.941+05:30 DEBUG 18676 --- [ecommerce-rest-api] [scheduling-1] c.e.e.s.OrderCancellationScheduler       : No expired pending orders found.
2026-08-19T16:15:26.930+05:30 DEBUG 18676 --- [ecommerce-rest-api] [scheduling-1] c.e.e.scheduler.CartCleanupScheduler     : No abandoned carts found.
2026-08-19T16:15:26.930+05:30 DEBUG 18676 --- [ecommerce-rest-api] [scheduling-1] c.e.e.s.OrderCancellationScheduler       : No expired pending orders found.
2026-08-19T16:16:51.362+05:30  INFO 18676 --- [ecommerce-rest-api] [http-nio-8080-exec-6] c.e.e.service.impl.ProductServiceImpl    : Fetching all products
2026-08-19T16:16:51.362+05:30  INFO 18676 --- [ecommerce-rest-api] [http-nio-8080-exec-3] c.e.e.service.impl.CustomerServiceImpl   : Fetching all customers
2026-08-19T16:16:51.381+05:30  INFO 18676 --- [ecommerce-rest-api] [http-nio-8080-exec-5] c.e.e.service.impl.CustomerServiceImpl   : Fetching all customers
2026-08-19T16:16:51.381+05:30  INFO 18676 --- [ecommerce-rest-api] [http-nio-8080-exec-10] c.e.e.service.impl.ProductServiceImpl    : Fetching all products
2026-08-19T16:16:59.861+05:30  INFO 18676 --- [ecommerce-rest-api] [http-nio-8080-exec-8] c.e.e.service.impl.CartItemServiceImpl   : Adding product ID 9 to cart ID 1
2026-08-19T16:16:59.871+05:30  INFO 18676 --- [ecommerce-rest-api] [http-nio-8080-exec-8] c.e.e.service.impl.CartItemServiceImpl   : Cart item created successfully with ID: 11
2026-08-19T16:17:08.846+05:30  INFO 18676 --- [ecommerce-rest-api] [http-nio-8080-exec-1] c.e.e.service.impl.OrderServiceImpl      : Processing checkout for customer ID: 1
2026-08-19T16:17:08.870+05:30  INFO 18676 --- [ecommerce-rest-api] [http-nio-8080-exec-1] c.e.e.service.impl.OrderServiceImpl      : Checkout completed successfully. Order ID: 4, Payment ID: 4
2026-08-19T16:17:26.107+05:30  INFO 18676 --- [ecommerce-rest-api] [http-nio-8080-exec-7] c.e.e.service.impl.PaymentServiceImpl    : Processing payment with ID: 4
2026-08-19T16:17:26.111+05:30  INFO 18676 --- [ecommerce-rest-api] [http-nio-8080-exec-7] c.e.e.service.impl.PaymentServiceImpl    : Payment processed successfully with ID: 4
2026-08-19T16:17:46.202+05:30  INFO 18676 --- [ecommerce-rest-api] [http-nio-8080-exec-8] c.e.e.service.impl.ProductServiceImpl    : Fetching all products
2026-08-19T16:17:46.205+05:30  INFO 18676 --- [ecommerce-rest-api] [http-nio-8080-exec-4] c.e.e.service.impl.CustomerServiceImpl   : Fetching all customers
2026-08-19T16:17:46.213+05:30  INFO 18676 --- [ecommerce-rest-api] [http-nio-8080-exec-5] c.e.e.service.impl.ProductServiceImpl    : Fetching all products
2026-08-19T16:17:46.221+05:30  INFO 18676 --- [ecommerce-rest-api] [http-nio-8080-exec-10] c.e.e.service.impl.CustomerServiceImpl   : Fetching all customers
2026-08-19T16:17:56.469+05:30  INFO 18676 --- [ecommerce-rest-api] [http-nio-8080-exec-9] c.e.e.service.impl.OrderServiceImpl      : Order deleted successfully. Order ID: 1
2026-08-19T16:17:59.333+05:30  INFO 18676 --- [ecommerce-rest-api] [http-nio-8080-exec-10] c.e.e.service.impl.OrderServiceImpl      : Order deleted successfully. Order ID: 2
2026-08-19T16:18:02.113+05:30  INFO 18676 --- [ecommerce-rest-api] [http-nio-8080-exec-3] c.e.e.service.impl.OrderServiceImpl      : Order deleted successfully. Order ID: 3
2026-08-19T16:18:04.925+05:30  INFO 18676 --- [ecommerce-rest-api] [http-nio-8080-exec-2] c.e.e.service.impl.OrderServiceImpl      : Order deleted successfully. Order ID: 4
2026-08-19T16:18:06.628+05:30  INFO 18676 --- [ecommerce-rest-api] [http-nio-8080-exec-8] c.e.e.service.impl.CustomerServiceImpl   : Fetching all customers
2026-08-19T16:18:06.628+05:30  INFO 18676 --- [ecommerce-rest-api] [http-nio-8080-exec-4] c.e.e.service.impl.ProductServiceImpl    : Fetching all products
2026-08-19T16:18:06.636+05:30  INFO 18676 --- [ecommerce-rest-api] [http-nio-8080-exec-9] c.e.e.service.impl.ProductServiceImpl    : Fetching all products
2026-08-19T16:18:06.636+05:30  INFO 18676 --- [ecommerce-rest-api] [http-nio-8080-exec-6] c.e.e.service.impl.CustomerServiceImpl   : Fetching all customers
2026-08-19T16:18:17.538+05:30  INFO 18676 --- [ecommerce-rest-api] [http-nio-8080-exec-3] c.e.e.service.impl.CartItemServiceImpl   : Adding product ID 9 to cart ID 3
2026-08-19T16:18:17.541+05:30  INFO 18676 --- [ecommerce-rest-api] [http-nio-8080-exec-3] c.e.e.service.impl.CartItemServiceImpl   : Cart item created successfully with ID: 12
2026-08-19T16:18:19.838+05:30  INFO 18676 --- [ecommerce-rest-api] [http-nio-8080-exec-2] c.e.e.service.impl.OrderServiceImpl      : Processing checkout for customer ID: 10
2026-08-19T16:18:19.857+05:30  INFO 18676 --- [ecommerce-rest-api] [http-nio-8080-exec-2] c.e.e.service.impl.OrderServiceImpl      : Checkout completed successfully. Order ID: 5, Payment ID: 5
2026-08-19T16:18:30.971+05:30  INFO 18676 --- [ecommerce-rest-api] [http-nio-8080-exec-10] c.e.e.service.impl.PaymentServiceImpl    : Processing payment with ID: 5
2026-08-19T16:18:30.973+05:30  INFO 18676 --- [ecommerce-rest-api] [http-nio-8080-exec-10] c.e.e.service.impl.PaymentServiceImpl    : Payment processed successfully with ID: 5
2026-08-19T16:18:48.163+05:30  INFO 18676 --- [ecommerce-rest-api] [http-nio-8080-exec-8] c.e.e.service.impl.CustomerServiceImpl   : Fetching all customers
2026-08-19T16:18:48.170+05:30  INFO 18676 --- [ecommerce-rest-api] [http-nio-8080-exec-4] c.e.e.service.impl.CustomerServiceImpl   : Fetching all customers
2026-08-19T16:18:51.874+05:30  INFO 18676 --- [ecommerce-rest-api] [http-nio-8080-exec-6] c.e.e.service.impl.ProductServiceImpl    : Fetching all products
2026-08-19T16:18:51.874+05:30  INFO 18676 --- [ecommerce-rest-api] [http-nio-8080-exec-9] c.e.e.service.impl.CustomerServiceImpl   : Fetching all customers
2026-08-19T16:18:51.881+05:30  INFO 18676 --- [ecommerce-rest-api] [http-nio-8080-exec-5] c.e.e.service.impl.ProductServiceImpl    : Fetching all products
2026-08-19T16:18:51.881+05:30  INFO 18676 --- [ecommerce-rest-api] [http-nio-8080-exec-10] c.e.e.service.impl.CustomerServiceImpl   : Fetching all customers
2026-08-19T16:19:08.846+05:30  INFO 18676 --- [ecommerce-rest-api] [http-nio-8080-exec-2] c.e.e.service.impl.CartItemServiceImpl   : Adding product ID 2 to cart ID 4
2026-08-19T16:19:08.854+05:30  WARN 18676 --- [ecommerce-rest-api] [http-nio-8080-exec-2] o.h.engine.jdbc.spi.SqlExceptionHelper   : SQL Error: 1062, SQLState: 23000
2026-08-19T16:19:08.854+05:30 ERROR 18676 --- [ecommerce-rest-api] [http-nio-8080-exec-2] o.h.engine.jdbc.spi.SqlExceptionHelper   : Duplicate entry '2' for key 'cart_items.uk_cart_product'
2026-08-19T16:19:08.860+05:30  WARN 18676 --- [ecommerce-rest-api] [http-nio-8080-exec-2] .m.m.a.ExceptionHandlerExceptionResolver : Resolved [org.springframework.dao.DataIntegrityViolationException: could not execute statement [Duplicate entry '2' for key 'cart_items.uk_cart_product'] [/* insert for com.example.ecommerce.entity.CartItem */insert into cart_items (created_at,product_id,quantity,cart_id,updated_at) values (?,?,?,?,?)]; SQL [/* insert for com.example.ecommerce.entity.CartItem */insert into cart_items (created_at,product_id,quantity,cart_id,updated_at) values (?,?,?,?,?)]; constraint [cart_items.uk_cart_product]]
2026-08-19T16:19:14.123+05:30  INFO 18676 --- [ecommerce-rest-api] [http-nio-8080-exec-8] c.e.e.service.impl.CartItemServiceImpl   : Adding product ID 9 to cart ID 4
2026-08-19T16:19:14.131+05:30  INFO 18676 --- [ecommerce-rest-api] [http-nio-8080-exec-8] c.e.e.service.impl.CartItemServiceImpl   : Cart item created successfully with ID: 14
2026-08-19T16:19:48.010+05:30  INFO 18676 --- [ecommerce-rest-api] [http-nio-8080-exec-6] c.e.e.service.impl.OrderServiceImpl      : Processing checkout for customer ID: 9
2026-08-19T16:19:48.035+05:30  INFO 18676 --- [ecommerce-rest-api] [http-nio-8080-exec-6] c.e.e.service.impl.OrderServiceImpl      : Checkout completed successfully. Order ID: 6, Payment ID: 6
2026-08-19T16:19:58.997+05:30  INFO 18676 --- [ecommerce-rest-api] [http-nio-8080-exec-2] c.e.e.service.impl.PaymentServiceImpl    : Processing payment with ID: 6
2026-08-19T16:19:58.999+05:30  INFO 18676 --- [ecommerce-rest-api] [http-nio-8080-exec-2] c.e.e.service.impl.PaymentServiceImpl    : Payment processed successfully with ID: 6
2026-08-19T16:20:26.924+05:30 DEBUG 18676 --- [ecommerce-rest-api] [scheduling-1] c.e.e.scheduler.CartCleanupScheduler     : No abandoned carts found.
2026-08-19T16:20:26.926+05:30 DEBUG 18676 --- [ecommerce-rest-api] [scheduling-1] c.e.e.s.OrderCancellationScheduler       : No expired pending orders found.
2026-08-19T16:20:33.293+05:30  INFO 18676 --- [ecommerce-rest-api] [http-nio-8080-exec-4] c.e.e.service.impl.ProductServiceImpl    : Fetching all products
2026-08-19T16:20:33.300+05:30  INFO 18676 --- [ecommerce-rest-api] [http-nio-8080-exec-6] c.e.e.service.impl.ProductServiceImpl    : Fetching all products
2026-08-19T16:25:26.933+05:30 DEBUG 18676 --- [ecommerce-rest-api] [scheduling-1] c.e.e.scheduler.CartCleanupScheduler     : No abandoned carts found.
2026-08-19T16:25:26.933+05:30 DEBUG 18676 --- [ecommerce-rest-api] [scheduling-1] c.e.e.s.OrderCancellationScheduler       : No expired pending orders found.
2026-08-19T16:27:13.585+05:30  INFO 18676 --- [ecommerce-rest-api] [http-nio-8080-exec-10] c.e.e.service.impl.ProductServiceImpl    : Fetching all products
2026-08-19T16:27:13.599+05:30  INFO 18676 --- [ecommerce-rest-api] [http-nio-8080-exec-5] c.e.e.service.impl.ProductServiceImpl    : Fetching all products
2026-08-19T16:27:24.400+05:30  INFO 18676 --- [ecommerce-rest-api] [http-nio-8080-exec-1] c.e.e.service.impl.CustomerServiceImpl   : Fetching all customers
2026-08-19T16:27:24.409+05:30  INFO 18676 --- [ecommerce-rest-api] [http-nio-8080-exec-7] c.e.e.service.impl.CustomerServiceImpl   : Fetching all customers
2026-08-19T16:28:53.932+05:30  INFO 18676 --- [ecommerce-rest-api] [SpringApplicationShutdownHook] o.s.b.w.e.tomcat.GracefulShutdown        : Commencing graceful shutdown. Waiting for active requests to complete
2026-08-19T16:28:53.943+05:30  INFO 18676 --- [ecommerce-rest-api] [tomcat-shutdown] o.s.b.w.e.tomcat.GracefulShutdown        : Graceful shutdown complete
2026-08-19T16:28:53.952+05:30  INFO 18676 --- [ecommerce-rest-api] [SpringApplicationShutdownHook] j.LocalContainerEntityManagerFactoryBean : Closing JPA EntityManagerFactory for persistence unit 'default'
2026-08-19T16:28:53.958+05:30  INFO 18676 --- [ecommerce-rest-api] [SpringApplicationShutdownHook] com.zaxxer.hikari.HikariDataSource       : HikariPool-1 - Shutdown initiated...
2026-08-19T16:28:53.963+05:30  INFO 18676 --- [ecommerce-rest-api] [SpringApplicationShutdownHook] com.zaxxer.hikari.HikariDataSource       : HikariPool-1 - Shutdown completed.
2026-08-19T16:28:56.949+05:30  INFO 1904 --- [ecommerce-rest-api] [restartedMain] c.e.ecommerce.EcommerceApplication       : Starting EcommerceApplication using Java 25 with PID 1904 (C:\Users\Admin\OneDrive\Desktop\Java Traingin stackly\Springboot_Projects\ecommerce-rest-api\ecommerce-rest-api\target\classes started by Admin in C:\Users\Admin\OneDrive\Desktop\Java Traingin stackly\Springboot_Projects\ecommerce-rest-api)
2026-08-19T16:28:56.952+05:30 DEBUG 1904 --- [ecommerce-rest-api] [restartedMain] c.e.ecommerce.EcommerceApplication       : Running with Spring Boot v3.4.13, Spring v6.2.15
2026-08-19T16:28:56.953+05:30  INFO 1904 --- [ecommerce-rest-api] [restartedMain] c.e.ecommerce.EcommerceApplication       : No active profile set, falling back to 1 default profile: "default"
2026-08-19T16:28:57.038+05:30  INFO 1904 --- [ecommerce-rest-api] [restartedMain] .e.DevToolsPropertyDefaultsPostProcessor : Devtools property defaults active! Set 'spring.devtools.add-properties' to 'false' to disable
2026-08-19T16:28:57.039+05:30  INFO 1904 --- [ecommerce-rest-api] [restartedMain] .e.DevToolsPropertyDefaultsPostProcessor : For additional web related logging consider setting the 'logging.level.web' property to 'DEBUG'
2026-08-19T16:28:58.579+05:30  INFO 1904 --- [ecommerce-rest-api] [restartedMain] .s.d.r.c.RepositoryConfigurationDelegate : Bootstrapping Spring Data JPA repositories in DEFAULT mode.
2026-08-19T16:28:58.679+05:30  INFO 1904 --- [ecommerce-rest-api] [restartedMain] .s.d.r.c.RepositoryConfigurationDelegate : Finished Spring Data repository scanning in 90 ms. Found 7 JPA repository interfaces.
2026-08-19T16:28:59.438+05:30  INFO 1904 --- [ecommerce-rest-api] [restartedMain] o.s.b.w.embedded.tomcat.TomcatWebServer  : Tomcat initialized with port 8080 (http)
2026-08-19T16:28:59.453+05:30  INFO 1904 --- [ecommerce-rest-api] [restartedMain] o.apache.catalina.core.StandardService   : Starting service [Tomcat]
2026-08-19T16:28:59.453+05:30  INFO 1904 --- [ecommerce-rest-api] [restartedMain] o.apache.catalina.core.StandardEngine    : Starting Servlet engine: [Apache Tomcat/10.1.50]
2026-08-19T16:28:59.508+05:30  INFO 1904 --- [ecommerce-rest-api] [restartedMain] o.a.c.c.C.[Tomcat].[localhost].[/]       : Initializing Spring embedded WebApplicationContext
2026-08-19T16:28:59.509+05:30  INFO 1904 --- [ecommerce-rest-api] [restartedMain] w.s.c.ServletWebServerApplicationContext : Root WebApplicationContext: initialization completed in 2469 ms
2026-08-19T16:28:59.804+05:30  INFO 1904 --- [ecommerce-rest-api] [restartedMain] o.hibernate.jpa.internal.util.LogHelper  : HHH000204: Processing PersistenceUnitInfo [name: default]
2026-08-19T16:28:59.875+05:30  INFO 1904 --- [ecommerce-rest-api] [restartedMain] org.hibernate.Version                    : HHH000412: Hibernate ORM core version 6.6.39.Final
2026-08-19T16:28:59.911+05:30  INFO 1904 --- [ecommerce-rest-api] [restartedMain] o.h.c.internal.RegionFactoryInitiator    : HHH000026: Second-level cache disabled
2026-08-19T16:29:00.200+05:30  INFO 1904 --- [ecommerce-rest-api] [restartedMain] o.s.o.j.p.SpringPersistenceUnitInfo      : No LoadTimeWeaver setup: ignoring JPA class transformer
2026-08-19T16:29:00.233+05:30  INFO 1904 --- [ecommerce-rest-api] [restartedMain] com.zaxxer.hikari.HikariDataSource       : HikariPool-1 - Starting...
2026-08-19T16:29:00.404+05:30  INFO 1904 --- [ecommerce-rest-api] [restartedMain] com.zaxxer.hikari.pool.HikariPool        : HikariPool-1 - Added connection com.mysql.cj.jdbc.ConnectionImpl@5c891b7f
2026-08-19T16:29:00.407+05:30  INFO 1904 --- [ecommerce-rest-api] [restartedMain] com.zaxxer.hikari.HikariDataSource       : HikariPool-1 - Start completed.
2026-08-19T16:29:00.504+05:30  INFO 1904 --- [ecommerce-rest-api] [restartedMain] org.hibernate.orm.connections.pooling    : HHH10001005: Database info:
	Database JDBC URL [Connecting through datasource 'HikariDataSource (HikariPool-1)']
	Database driver: undefined/unknown
	Database version: 8.0.42
	Autocommit mode: undefined/unknown
	Isolation level: undefined/unknown
	Minimum pool size: undefined/unknown
	Maximum pool size: undefined/unknown
2026-08-19T16:29:01.750+05:30  INFO 1904 --- [ecommerce-rest-api] [restartedMain] o.h.e.t.j.p.i.JtaPlatformInitiator       : HHH000489: No JTA platform available (set 'hibernate.transaction.jta.platform' to enable JTA platform integration)
2026-08-19T16:29:02.112+05:30  INFO 1904 --- [ecommerce-rest-api] [restartedMain] j.LocalContainerEntityManagerFactoryBean : Initialized JPA EntityManagerFactory for persistence unit 'default'
2026-08-19T16:29:02.438+05:30  INFO 1904 --- [ecommerce-rest-api] [restartedMain] o.s.d.j.r.query.QueryEnhancerFactory     : Hibernate is in classpath; If applicable, HQL parser will be used.
2026-08-19T16:29:02.990+05:30  WARN 1904 --- [ecommerce-rest-api] [restartedMain] JpaBaseConfiguration$JpaWebConfiguration : spring.jpa.open-in-view is enabled by default. Therefore, database queries may be performed during view rendering. Explicitly configure spring.jpa.open-in-view to disable this warning
2026-08-19T16:29:03.709+05:30  INFO 1904 --- [ecommerce-rest-api] [restartedMain] o.s.b.d.a.OptionalLiveReloadServer       : LiveReload server is running on port 35729
2026-08-19T16:29:03.717+05:30  INFO 1904 --- [ecommerce-rest-api] [restartedMain] o.s.b.a.e.web.EndpointLinksResolver      : Exposing 4 endpoints beneath base path '/actuator'
2026-08-19T16:29:03.804+05:30  INFO 1904 --- [ecommerce-rest-api] [restartedMain] o.s.b.w.embedded.tomcat.TomcatWebServer  : Tomcat started on port 8080 (http) with context path '/'
2026-08-19T16:29:03.823+05:30  INFO 1904 --- [ecommerce-rest-api] [restartedMain] c.e.ecommerce.EcommerceApplication       : Started EcommerceApplication in 7.558 seconds (process running for 8.314)
2026-08-19T16:29:03.901+05:30  WARN 1904 --- [ecommerce-rest-api] [restartedMain] o.s.core.events.SpringDocAppInitializer  : SpringDoc /v3/api-docs endpoint is enabled by default. To disable it in production, set the property 'springdoc.api-docs.enabled=false'
2026-08-19T16:29:03.939+05:30 DEBUG 1904 --- [ecommerce-rest-api] [scheduling-1] c.e.e.scheduler.CartCleanupScheduler     : No abandoned carts found.
2026-08-19T16:29:03.965+05:30 DEBUG 1904 --- [ecommerce-rest-api] [scheduling-1] c.e.e.s.OrderCancellationScheduler       : No expired pending orders found.
2026-08-19T16:29:19.170+05:30  INFO 1904 --- [ecommerce-rest-api] [http-nio-8080-exec-1] o.a.c.c.C.[Tomcat].[localhost].[/]       : Initializing Spring DispatcherServlet 'dispatcherServlet'
2026-08-19T16:29:19.170+05:30  INFO 1904 --- [ecommerce-rest-api] [http-nio-8080-exec-1] o.s.web.servlet.DispatcherServlet        : Initializing Servlet 'dispatcherServlet'
2026-08-19T16:29:19.170+05:30  INFO 1904 --- [ecommerce-rest-api] [http-nio-8080-exec-1] o.s.web.servlet.DispatcherServlet        : Completed initialization in 0 ms
2026-08-19T16:29:19.224+05:30  INFO 1904 --- [ecommerce-rest-api] [http-nio-8080-exec-1] c.e.e.service.impl.CustomerServiceImpl   : Fetching all customers
2026-08-19T16:29:19.335+05:30  INFO 1904 --- [ecommerce-rest-api] [http-nio-8080-exec-3] c.e.e.service.impl.CustomerServiceImpl   : Fetching all customers
2026-08-19T16:29:21.195+05:30  INFO 1904 --- [ecommerce-rest-api] [http-nio-8080-exec-4] c.e.e.service.impl.ProductServiceImpl    : Fetching all products
2026-08-19T16:29:21.226+05:30  INFO 1904 --- [ecommerce-rest-api] [http-nio-8080-exec-2] c.e.e.service.impl.ProductServiceImpl    : Fetching all products
2026-08-19T16:30:59.231+05:30  INFO 1904 --- [ecommerce-rest-api] [http-nio-8080-exec-8] c.e.e.service.impl.ProductServiceImpl    : Updating product with ID: 3
2026-08-19T16:30:59.263+05:30  INFO 1904 --- [ecommerce-rest-api] [http-nio-8080-exec-8] c.e.e.service.impl.ProductServiceImpl    : Product updated successfully. ID: 3
2026-08-19T16:30:59.351+05:30  INFO 1904 --- [ecommerce-rest-api] [http-nio-8080-exec-9] c.e.e.service.impl.ProductServiceImpl    : Uploading image for product ID: 3
2026-08-19T16:30:59.365+05:30  INFO 1904 --- [ecommerce-rest-api] [http-nio-8080-exec-9] c.e.e.service.impl.ProductServiceImpl    : Product image uploaded successfully. Product ID: 3
2026-08-19T16:31:17.501+05:30  INFO 1904 --- [ecommerce-rest-api] [http-nio-8080-exec-1] c.e.e.service.impl.CustomerServiceImpl   : Fetching all customers
2026-08-19T16:31:17.517+05:30  INFO 1904 --- [ecommerce-rest-api] [http-nio-8080-exec-3] c.e.e.service.impl.CustomerServiceImpl   : Fetching all customers
2026-08-19T16:31:23.673+05:30  INFO 1904 --- [ecommerce-rest-api] [http-nio-8080-exec-5] c.e.e.service.impl.ProductServiceImpl    : Fetching all products
2026-08-19T16:31:23.678+05:30  INFO 1904 --- [ecommerce-rest-api] [http-nio-8080-exec-5] c.e.e.service.impl.ProductServiceImpl    : Fetching all products
2026-08-19T16:31:25.670+05:30  INFO 1904 --- [ecommerce-rest-api] [http-nio-8080-exec-8] c.e.e.service.impl.CustomerServiceImpl   : Fetching all customers
2026-08-19T16:31:25.681+05:30  INFO 1904 --- [ecommerce-rest-api] [http-nio-8080-exec-9] c.e.e.service.impl.CustomerServiceImpl   : Fetching all customers
2026-08-19T16:31:26.727+05:30  INFO 1904 --- [ecommerce-rest-api] [http-nio-8080-exec-10] c.e.e.service.impl.CustomerServiceImpl   : Fetching all customers
2026-08-19T16:31:26.729+05:30  INFO 1904 --- [ecommerce-rest-api] [http-nio-8080-exec-1] c.e.e.service.impl.ProductServiceImpl    : Fetching all products
2026-08-19T16:31:26.745+05:30  INFO 1904 --- [ecommerce-rest-api] [http-nio-8080-exec-3] c.e.e.service.impl.CustomerServiceImpl   : Fetching all customers
2026-08-19T16:31:26.745+05:30  INFO 1904 --- [ecommerce-rest-api] [http-nio-8080-exec-4] c.e.e.service.impl.ProductServiceImpl    : Fetching all products
2026-08-19T16:31:31.466+05:30  WARN 1904 --- [ecommerce-rest-api] [http-nio-8080-exec-5] .m.m.a.ExceptionHandlerExceptionResolver : Resolved [com.example.ecommerce.exception.ResourceNotFoundException: Shopping cart not found for customer: 5]
2026-08-19T16:31:38.422+05:30  INFO 1904 --- [ecommerce-rest-api] [http-nio-8080-exec-8] c.e.e.s.impl.ShoppingCartServiceImpl     : Creating shopping cart for customer ID: 5
2026-08-19T16:31:38.449+05:30  INFO 1904 --- [ecommerce-rest-api] [http-nio-8080-exec-8] c.e.e.s.impl.ShoppingCartServiceImpl     : Shopping cart created successfully with ID: 5
2026-08-19T16:31:38.464+05:30  INFO 1904 --- [ecommerce-rest-api] [http-nio-8080-exec-9] c.e.e.service.impl.CartItemServiceImpl   : Adding product ID 3 to cart ID 5
2026-08-19T16:31:38.490+05:30  INFO 1904 --- [ecommerce-rest-api] [http-nio-8080-exec-9] c.e.e.service.impl.CartItemServiceImpl   : Cart item created successfully with ID: 15
2026-08-19T16:31:47.083+05:30  INFO 1904 --- [ecommerce-rest-api] [http-nio-8080-exec-3] c.e.e.service.impl.OrderServiceImpl      : Processing checkout for customer ID: 5
2026-08-19T16:31:47.119+05:30  INFO 1904 --- [ecommerce-rest-api] [http-nio-8080-exec-3] c.e.e.service.impl.OrderServiceImpl      : Checkout completed successfully. Order ID: 7, Payment ID: 7
2026-08-19T16:31:55.991+05:30  INFO 1904 --- [ecommerce-rest-api] [http-nio-8080-exec-8] c.e.e.service.impl.PaymentServiceImpl    : Processing payment with ID: 7
2026-08-19T16:31:55.997+05:30  INFO 1904 --- [ecommerce-rest-api] [http-nio-8080-exec-8] c.e.e.service.impl.PaymentServiceImpl    : Payment processed successfully with ID: 7
2026-08-19T16:34:03.826+05:30 DEBUG 1904 --- [ecommerce-rest-api] [scheduling-1] c.e.e.scheduler.CartCleanupScheduler     : No abandoned carts found.
2026-08-19T16:34:03.829+05:30 DEBUG 1904 --- [ecommerce-rest-api] [scheduling-1] c.e.e.s.OrderCancellationScheduler       : No expired pending orders found.
2026-08-19T16:34:24.866+05:30  WARN 1904 --- [ecommerce-rest-api] [http-nio-8080-exec-2] .m.m.a.ExceptionHandlerExceptionResolver : Resolved [org.springframework.web.servlet.resource.NoResourceFoundException: No static resource favicon.ico.]
2026-08-19T16:34:40.260+05:30  INFO 1904 --- [ecommerce-rest-api] [http-nio-8080-exec-8] o.springdoc.api.AbstractOpenApiResource  : Init duration for springdoc-openapi is: 533 ms
2026-08-19T16:39:03.825+05:30 DEBUG 1904 --- [ecommerce-rest-api] [scheduling-1] c.e.e.scheduler.CartCleanupScheduler     : No abandoned carts found.
2026-08-19T16:39:03.828+05:30 DEBUG 1904 --- [ecommerce-rest-api] [scheduling-1] c.e.e.s.OrderCancellationScheduler       : No expired pending orders found.
2026-08-19T16:42:31.908+05:30  INFO 1904 --- [ecommerce-rest-api] [SpringApplicationShutdownHook] o.s.b.w.e.tomcat.GracefulShutdown        : Commencing graceful shutdown. Waiting for active requests to complete
2026-08-19T16:42:31.919+05:30  INFO 1904 --- [ecommerce-rest-api] [tomcat-shutdown] o.s.b.w.e.tomcat.GracefulShutdown        : Graceful shutdown complete
2026-08-19T16:42:31.929+05:30  INFO 1904 --- [ecommerce-rest-api] [SpringApplicationShutdownHook] j.LocalContainerEntityManagerFactoryBean : Closing JPA EntityManagerFactory for persistence unit 'default'
2026-08-19T16:42:31.933+05:30  INFO 1904 --- [ecommerce-rest-api] [SpringApplicationShutdownHook] com.zaxxer.hikari.HikariDataSource       : HikariPool-1 - Shutdown initiated...
2026-08-19T16:42:31.942+05:30  INFO 1904 --- [ecommerce-rest-api] [SpringApplicationShutdownHook] com.zaxxer.hikari.HikariDataSource       : HikariPool-1 - Shutdown completed.
